date,ticker,sector,company_name,Tax Effect Of Unusual Items,Tax Rate For Calcs,Total Unusual Items,Total Unusual Items Excluding Goodwill,Net Income From Continuing Operation Net Minority Interest,Reconciled Depreciation,Net Interest Income,Interest Expense,Interest Income,Normalized Income,Net Income From Continuing And Discontinued Operation,Diluted Average Shares,Basic Average Shares,Diluted EPS,Basic EPS,Diluted NI Availto Com Stockholders,Net Income Common Stockholders,Otherunder Preferred Stock Dividend,Net Income,Minority Interests,Net Income Including Noncontrolling Interests,Net Income Continuous Operations,Tax Provision,Pretax Income,Other Non Operating Income Expenses,Special Income Charges,Other Special Charges,Write Off,Impairment Of Capital Assets,Restructuring And Mergern Acquisition,Gain On Sale Of Security,Operating Expense,Other Operating Expenses,Depreciation And Amortization In Income Statement,Amortization,Depreciation Income Statement,Selling General And Administration,Selling And Marketing Expense,General And Administrative Expense,Insurance And Claims,Rent And Landing Fees,Total Revenue,Operating Revenue,Preferred Stock Dividends,EBIT,Total Expenses,Net Income Extraordinary,Net Income Discontinuous Operations,Other Income Expense,Net Non Operating Interest Income Expense,Interest Expense Non Operating,Net Policyholder Benefits And Claims,Rent Expense Supplemental,Total Other Finance Cost,Interest Income Non Operating,Normalized EBITDA,Reconciled Cost Of Revenue,EBITDA,Total Operating Income As Reported,Operating Income,Gross Profit,Cost Of Revenue,Average Dilution Earnings,Earnings From Equity Interest,Provision For Doubtful Accounts,Other Gand A,Salaries And Wages,Other Taxes,Gain On Sale Of Ppe,Gain On Sale Of Business,Treasury Shares Number,Preferred Shares Number,Ordinary Shares Number,Share Issued,Net Debt,Total Debt,Tangible Book Value,Invested Capital,Net Tangible Assets,Common Stock Equity,Preferred Stock Equity,Total Capitalization,Total Equity Gross Minority Interest,Minority Interest,Stockholders Equity,Other Equity Interest,Treasury Stock,Retained Earnings,Additional Paid In Capital,Capital Stock,Common Stock,Preferred Stock,Total Liabilities Net Minority Interest,Derivative Product Liabilities,Long Term Debt And Capital Lease Obligation,Payables,Other Payable,Total Tax Payable,Accounts Payable,Total Assets,Defined Pension Benefit,Investments And Advances,Investmentin Financial Assets,Available For Sale Securities,Financial Assets Designatedas Fair Value Through Profitor Loss Total,Trading Securities,Long Term Equity Investment,Investmentsin Associatesat Cost,Investment Properties,Goodwill And Other Intangible Assets,Other Intangible Assets,Goodwill,Net PPE,Accumulated Depreciation,Gross PPE,Other Properties,Machinery Furniture Equipment,Buildings And Improvements,Land And Improvements,Prepaid Assets,Receivables,Taxes Receivable,Cash And Cash Equivalents,Cash Financial,Cash Cash Equivalents And Federal Funds Sold,Cash Equivalents,Preferred Securities Outside Stock Equity,Investments In Other Ventures Under Equity Method,Dividends Payable,Investmentsin Joint Venturesat Cost,Investmentsin Subsidiariesat Cost,Capital Lease Obligations,Non Current Accrued Expenses,Non Current Deferred Revenue,Non Current Deferred Taxes Liabilities,Long Term Capital Lease Obligation,Long Term Debt,Long Term Provisions,Current Debt And Capital Lease Obligation,Current Capital Lease Obligation,Current Debt,Non Current Deferred Taxes Assets,Properties,Accounts Receivable,Cash Cash Equivalents And Short Term Investments,Other Short Term Investments,Non Current Pension And Other Postretirement Benefit Plans,Financial Assets,Receivables Adjustments Allowances,Other Receivables,Fixed Assets Revaluation Reserve,Working Capital,Total Non Current Liabilities Net Minority Interest,Tradeand Other Payables Non Current,Current Liabilities,Other Current Liabilities,Pensionand Other Post Retirement Benefit Plans Current,Current Provisions,Total Non Current Assets,Other Investments,Held To Maturity Securities,Current Assets,Assets Held For Sale Current,Restricted Cash,Inventory,Finished Goods,Other Current Assets,Hedging Assets Current,Inventories Adjustments Allowances,Raw Materials,Allowance For Doubtful Accounts Receivable,Gross Accounts Receivable,Other Inventories,Work In Process,Other Non Current Liabilities,Liabilities Heldfor Sale Non Current,Non Current Prepaid Assets,Non Current Deferred Assets,Construction In Progress,Other Non Current Assets,Gains Losses Not Affecting Retained Earnings,Other Equity Adjustments,Foreign Currency Translation Adjustments,Minimum Pension Liabilities,Unrealized Gain Loss,Employee Benefits,Non Current Deferred Liabilities,Current Deferred Liabilities,Current Deferred Revenue,Other Current Borrowings,Line Of Credit,Payables And Accrued Expenses,Current Accrued Expenses,Dueto Related Parties Current,Non Current Accounts Receivable,Duefrom Related Parties Current,Non Current Note Receivables,Leases,Current Deferred Assets,Loans Receivable,Interest Payable,Free Cash Flow,Repurchase Of Capital Stock,Repayment Of Debt,Issuance Of Debt,Issuance Of Capital Stock,Capital Expenditure,End Cash Position,Beginning Cash Position,Effect Of Exchange Rate Changes,Changes In Cash,Financing Cash Flow,Net Other Financing Charges,Cash Dividends Paid,Common Stock Dividend Paid,Net Common Stock Issuance,Common Stock Payments,Common Stock Issuance,Net Issuance Payments Of Debt,Net Long Term Debt Issuance,Long Term Debt Payments,Long Term Debt Issuance,Investing Cash Flow,Net Other Investing Changes,Net Business Purchase And Sale,Sale Of Business,Purchase Of Business,Net Intangibles Purchase And Sale,Sale Of Intangibles,Net PPE Purchase And Sale,Sale Of PPE,Capital Expenditure Reported,Operating Cash Flow,Taxes Refund Paid,Interest Received Cfo,Interest Paid Cfo,Dividend Received Cfo,Change In Working Capital,Change In Other Current Assets,Other Non Cash Items,Stock Based Compensation,Provisionand Write Offof Assets,Deferred Tax,Depreciation And Amortization,Amortization Cash Flow,Depreciation,Pension And Employee Benefit Expense,Gain Loss On Investment Securities,Gain Loss On Sale Of PPE,Gain Loss On Sale Of Business,Net Income From Continuing Operations,Cash Flowsfromusedin Operating Activities Direct,Classesof Cash Payments,Other Cash Paymentsfrom Operating Activities,Paymentson Behalfof Employees,Classesof Cash Receiptsfrom Operating Activities,Other Cash Receiptsfrom Operating Activities,Dividends Received Cfi,Net Investment Properties Purchase And Sale,Sale Of Investment Properties,Purchase Of Investment Properties,Purchase Of Intangibles,Purchase Of PPE,Change In Other Current Liabilities,Interest Paid Cff,Preferred Stock Dividend Paid,Net Preferred Stock Issuance,Preferred Stock Payments,Net Investment Purchase And Sale,Sale Of Investment,Purchase Of Investment,Change In Payable,Change In Receivables,Net Foreign Currency Exchange Gain Loss,Dividend Paid Cfo,Other Cash Adjustment Outside Changein Cash,Change In Prepaid Assets,Change In Inventory,Net Short Term Debt Issuance,Short Term Debt Payments,Short Term Debt Issuance,Interest Received Cfi,Cash Flow From Continuing Financing Activities,Cash Flow From Continuing Investing Activities,Cash Flow From Continuing Operating Activities,Change In Payables And Accrued Expense,Change In Account Payable,Changes In Account Receivables,Asset Impairment Charge,Depreciation Amortization Depletion,Operating Gains Losses,Earnings Losses From Equity Investments,Cash From Discontinued Investing Activities,Cash From Discontinued Operating Activities,Amortization Of Intangibles,Deferred Income Tax,current_ratio,quick_ratio,cash_ratio,debt_to_equity,interest_coverage,debt_to_ebitda,gross_margin,ebitda_margin,net_margin,roe,roa,operating_cf_ratio,cf_to_debt,fcf_margin,delta_current_ratio,delta_quick_ratio,delta_cash_ratio,delta_debt_to_equity,delta_interest_coverage,delta_debt_to_ebitda,delta_gross_margin,delta_ebitda_margin,delta_net_margin,delta_roe,delta_roa,delta_operating_cf_ratio,delta_cf_to_debt,delta_fcf_margin,zscore_current_ratio,zscore_quick_ratio,zscore_cash_ratio,zscore_debt_to_equity,zscore_interest_coverage,zscore_debt_to_ebitda,zscore_gross_margin,zscore_ebitda_margin,zscore_net_margin,zscore_roe,zscore_roa,zscore_operating_cf_ratio,zscore_cf_to_debt,zscore_fcf_margin,health_score
2022-12-31,AGL.JO,Mining,Anglo American,-685367088.607595,0.364557,-1880000000.0,-1880000000.0,4514000000.0,2446000000.0,-301000000.0,516000000.0,215000000.0,5708632911.392405,4514000000.0,1079779810.0,1070091737.0,4.178333,4.22375,4514000000.0,4514000000.0,0.0,4514000000.0,-1510000000.0,6024000000.0,6024000000.0,3456000000.0,9480000000.0,,-1749000000.0,1723000000.0,-428000000.0,2020000000.0,26000000.0,,8671000000.0,2456000000.0,,,,2898000000.0,2898000000.0,,,,35118000000.0,35118000000.0,,9996000000.0,24197000000.0,,,,-301000000.0,516000000.0,,167000000.0,,215000000.0,14322000000.0,15526000000.0,12442000000.0,9243000000.0,10921000000.0,19592000000.0,15526000000.0,,,,,,,,,109755315.0,,1068294956.0,1178050271.0,5606000000.0,14365000000.0,24490000000.0,40823000000.0,24490000000.0,27318000000.0,,39587000000.0,33953000000.0,6635000000.0,27318000000.0,,6272000000.0,42368000000.0,2558000000.0,734000000.0,734000000.0,,33454000000.0,888000000.0,12945000000.0,4058000000.0,371000000.0,700000000.0,2987000000.0,67407000000.0,469000000.0,,390000000.0,379000000.0,11000000.0,,1056000000.0,416000000.0,,2828000000.0,1157000000.0,1671000000.0,41125000000.0,-37969000000.0,79094000000.0,,33381000000.0,648000000.0,2673000000.0,530000000.0,,1179000000.0,7899000000.0,7899000000.0,,,,,,640000000.0,,860000000.0,,,5249000000.0,676000000.0,12269000000.0,2609000000.0,1420000000.0,184000000.0,1236000000.0,198000000.0,25896000000.0,2175000000.0,7937000000.0,38000000.0,510000000.0,49000000.0,,800000000.0,,9442000000.0,22960000000.0,249000000.0,10494000000.0,,,684000000.0,47471000000.0,,,19936000000.0,0.0,513000000.0,6598000000.0,2932000000.0,,204000000.0,,889000000.0,,,,2777000000.0,510000000.0,,41000000.0,,16496000000.0,1278000000.0,,,,,,,,,,,,,,,,,,,,,,3445000000.0,-527000000.0,-1098000000.0,3500000000.0,,-6320000000.0,8400000000.0,9057000000.0,-237000000.0,-420000000.0,-4368000000.0,-214000000.0,-3549000000.0,-3549000000.0,-527000000.0,-527000000.0,,2402000000.0,2402000000.0,-1098000000.0,3500000000.0,-5817000000.0,-70000000.0,527000000.0,564000000.0,-37000000.0,,,7000000.0,7000000.0,-6320000000.0,9765000000.0,-2726000000.0,,,602000000.0,-1852000000.0,,2227000000.0,215000000.0,,,2446000000.0,,2446000000.0,,131000000.0,,-40000000.0,9480000000.0,,,,,,,,,,,,,,-420000000.0,,,,-142000000.0,,,48000000.0,-374000000.0,-105000000.0,,,,-1776000000.0,,,,181000000.0,,,,,,,,,,,,,,,1.899752239374881,1.2710120068610635,0.752715837621498,0.5258437660150816,19.372093023255815,1.1545571451535124,0.5578905404635799,0.35429124665413747,0.12853807164417108,0.16523903653268907,0.06696633880754224,0.9305317324185248,0.6797772363383223,0.09809784156273137,0.0,0.0,0.0,0.0,0.0,0.0,0.0,0.0,0.0,0.0,0.0,0.0,0.0,0.0,-1.4414023014057284,-0.3871820689866996,-0.9050970608728469,0.0,0.3104102541577438,0.0,1.2375020554926892,0.0,0.0,0.0,0.0,-1.4316082045902219,-0.8984064933483682,0.0,5
2023-12-31,AGL.JO,Mining,Anglo American,-516990000.0,0.19,-2721000000.0,-2721000000.0,283000000.0,2685000000.0,-563000000.0,990000000.0,427000000.0,2487010000.0,283000000.0,1074495406.0,1069211003.0,0.261146,0.261146,283000000.0,283000000.0,0.0,283000000.0,-1061000000.0,1344000000.0,1344000000.0,2251000000.0,3595000000.0,,-2748000000.0,2748000000.0,2420000000.0,,178000000.0,,8537000000.0,2139000000.0,,,,2749000000.0,2749000000.0,,,,30652000000.0,30652000000.0,,4585000000.0,24145000000.0,,,,-563000000.0,990000000.0,,145000000.0,,427000000.0,9991000000.0,15608000000.0,7270000000.0,3904000000.0,6507000000.0,15044000000.0,15608000000.0,,,,,,,,,110308108.0,,1067742163.0,1178050271.0,9841000000.0,16912000000.0,23578000000.0,40454000000.0,23578000000.0,25057000000.0,,39122000000.0,31617000000.0,6560000000.0,25057000000.0,,6275000000.0,40860000000.0,2558000000.0,734000000.0,734000000.0,,34927000000.0,648000000.0,15172000000.0,3614000000.0,374000000.0,524000000.0,2716000000.0,66544000000.0,410000000.0,,391000000.0,349000000.0,42000000.0,,1066000000.0,456000000.0,,1479000000.0,1209000000.0,270000000.0,43949000000.0,-37680000000.0,81629000000.0,,36601000000.0,682000000.0,7052000000.0,391000000.0,,1144000000.0,5556000000.0,5556000000.0,,,,,,610000000.0,,1515000000.0,,,5580000000.0,1107000000.0,14065000000.0,2874000000.0,1740000000.0,408000000.0,1332000000.0,262000000.0,25913000000.0,2468000000.0,5604000000.0,48000000.0,531000000.0,238000000.0,,683000000.0,,7972000000.0,25572000000.0,189000000.0,9355000000.0,,,684000000.0,49217000000.0,,,17327000000.0,0.0,532000000.0,6387000000.0,3149000000.0,,118000000.0,,1100000000.0,,,,2138000000.0,578000000.0,,22000000.0,,11381000000.0,1257000000.0,,,,,,,,,,,,,,,,,,,,,,484000000.0,-274000000.0,-1650000000.0,3063000000.0,,-6012000000.0,6074000000.0,8400000000.0,-39000000.0,-2287000000.0,-3223000000.0,-810000000.0,-1564000000.0,-1564000000.0,-274000000.0,-274000000.0,,1413000000.0,1413000000.0,-1650000000.0,3063000000.0,-5560000000.0,-63000000.0,185000000.0,210000000.0,-25000000.0,,,16000000.0,16000000.0,-6012000000.0,6496000000.0,-2001000000.0,,,382000000.0,-1142000000.0,,3245000000.0,175000000.0,,,2685000000.0,,2685000000.0,,-27000000.0,,40000000.0,3595000000.0,,,,,,,,,,,,,,-701000000.0,,,,-63000000.0,,,-785000000.0,-384000000.0,51000000.0,,,,2000000.0,,,,377000000.0,,,,,,,,,,,,,,,1.8521646178514164,1.1694281133083912,0.5939070016034206,0.674941134213992,4.6313131313131315,2.3262723521320496,0.4907999478011223,0.23717865065901084,0.009232676497455305,0.011294249112024583,0.004252825198364992,0.6943880277926243,0.3841059602649007,0.015790160511549002,-0.04758762152346452,-0.10158389355267228,-0.15880883601807738,0.1490973681989104,-14.740779891942683,1.1717152069785373,-0.0670905926624576,-0.11711259599512663,-0.11930539514671577,-0.15394478742066448,-0.06271351360917725,-0.2361437046259005,-0.29567127607342164,-0.08230768105118236,0.14437281825099543,0.20893028363032534,0.0,0.13777492322419563,0.0,0.0,0.9522437625156741,0.0,0.0,0.0,0.0,-1.5041485951696796,-0.09345869437909116,0.0,5
2024-12-31,AGL.JO,Mining,Anglo American,-1227750000.0,0.25,-4911000000.0,-4911000000.0,-3256000000.0,2188000000.0,-428000000.0,786000000.0,358000000.0,427250000.0,-3068000000.0,1212000000.0,1212000000.0,-2.53,-2.53,-3068000000.0,-3068000000.0,0.0,-3068000000.0,-280000000.0,-2788000000.0,-2976000000.0,1612000000.0,-1364000000.0,,-4848000000.0,4848000000.0,4618000000.0,,309000000.0,,5806000000.0,1263000000.0,,,,2291000000.0,2291000000.0,,,,17745000000.0,17745000000.0,,-578000000.0,13850000000.0,,188000000.0,,-428000000.0,786000000.0,,87000000.0,,358000000.0,6521000000.0,8044000000.0,1610000000.0,-975000000.0,3895000000.0,9701000000.0,8044000000.0,,,,,,,,,109373949.0,,1068676322.0,1178050271.0,9480000000.0,18210000000.0,19820000000.0,37809000000.0,19820000000.0,20760000000.0,,36027000000.0,28533000000.0,7773000000.0,20760000000.0,,6188000000.0,36744000000.0,2558000000.0,734000000.0,734000000.0,,36333000000.0,740000000.0,16191000000.0,6283000000.0,372000000.0,191000000.0,6092000000.0,64866000000.0,,,292000000.0,283000000.0,9000000.0,,587000000.0,40000000.0,,940000000.0,721000000.0,219000000.0,40844000000.0,-40080000000.0,80924000000.0,,35966000000.0,709000000.0,7107000000.0,268000000.0,,1082000000.0,7569000000.0,7569000000.0,,,,,,547000000.0,,1161000000.0,,,6061000000.0,924000000.0,15267000000.0,2574000000.0,2019000000.0,237000000.0,1782000000.0,294000000.0,24688000000.0,1719000000.0,7605000000.0,36000000.0,503000000.0,116000000.0,,425000000.0,,10064000000.0,26737000000.0,190000000.0,9596000000.0,,,740000000.0,45206000000.0,,,19660000000.0,2530000000.0,598000000.0,5247000000.0,2911000000.0,,186000000.0,,1024000000.0,,,,1312000000.0,478000000.0,,17000000.0,,12454000000.0,1550000000.0,,,,,,,,,,,,,,,,,,,,,,4048000000.0,-112000000.0,-3078000000.0,4991000000.0,,-4055000000.0,8134000000.0,6074000000.0,-68000000.0,2128000000.0,-840000000.0,18000000.0,-1026000000.0,-1026000000.0,-112000000.0,-112000000.0,,1913000000.0,1913000000.0,-3078000000.0,4991000000.0,-5135000000.0,-1557000000.0,93000000.0,155000000.0,-62000000.0,,,10000000.0,10000000.0,-4055000000.0,8103000000.0,-1427000000.0,,,62000000.0,1217000000.0,,4983000000.0,152000000.0,,,2188000000.0,,2188000000.0,,63000000.0,,77000000.0,-1364000000.0,,,,,,,,,,,,,,-823000000.0,,,,6000000.0,,,215000000.0,960000000.0,-57000000.0,,,,282000000.0,,,,368000000.0,,,,,,,,,,,,,,,2.0487703209670696,1.501979991663193,0.7887661525635682,0.8771676300578035,-0.7353689567430025,11.31055900621118,0.5466892082276698,0.09072978303747535,-0.1728937728937729,-0.14778420038535645,-0.04729750562698486,0.844414339308045,0.44497528830313016,0.22812059735136658,0.19660570311565317,0.3325518783548018,0.1948591509601476,0.20222649584381147,-5.366682088056134,8.984286654079131,0.05588926042654746,-0.14644886762153547,-0.18212644939122818,-0.15907844949738104,-0.051550330825349856,0.15002631151542067,0.060869328038229475,0.2123304368398176,0.0,0.11217934671063702,0.0,0.8773923392473606,-0.5728496706418105,1.3693709364281672,1.2491688236695717,-1.0797221647776885,-1.4196736165091859,-1.4743880821075415,-1.2343516940161936,-0.34200638919507137,-0.40710600444546513,1.0435049000118783,1
2025-12-31,AGL.JO,Mining,Anglo American,-660000000.0,0.25,-2640000000.0,-2640000000.0,-1275000000.0,2301000000.0,-470000000.0,862000000.0,392000000.0,705000000.0,-3741000000.0,1131000000.0,1131000000.0,-3.3,-3.3,-3741000000.0,-3741000000.0,0.0,-3741000000.0,-571000000.0,-3170000000.0,-704000000.0,1587000000.0,883000000.0,,-2620000000.0,330000000.0,2280000000.0,,10000000.0,,5591000000.0,1392000000.0,,,,2159000000.0,2159000000.0,,,,18546000000.0,18546000000.0,,1745000000.0,14556000000.0,,-2466000000.0,,-470000000.0,862000000.0,,87000000.0,,392000000.0,6686000000.0,8965000000.0,4046000000.0,1352000000.0,3990000000.0,9581000000.0,8965000000.0,,,,,,,,,106562325.0,,1071487947.0,1178050272.0,8089000000.0,15481000000.0,17471000000.0,32208000000.0,17471000000.0,17975000000.0,,31397000000.0,24117000000.0,6142000000.0,17975000000.0,,6031000000.0,28212000000.0,2558000000.0,734000000.0,734000000.0,,31877000000.0,311000000.0,14406000000.0,5055000000.0,,176000000.0,4879000000.0,55994000000.0,,,229000000.0,217000000.0,12000000.0,,565000000.0,45000000.0,,504000000.0,380000000.0,124000000.0,34253000000.0,-36101000000.0,70354000000.0,,31478000000.0,722000000.0,6533000000.0,209000000.0,,983000000.0,6144000000.0,,,,,,,520000000.0,,1248000000.0,,,4844000000.0,984000000.0,13422000000.0,2850000000.0,1075000000.0,264000000.0,811000000.0,291000000.0,20761000000.0,2367000000.0,6146000000.0,2000000.0,560000000.0,457000000.0,,358000000.0,,9858000000.0,23624000000.0,77000000.0,8253000000.0,,,446000000.0,37883000000.0,,,18111000000.0,4590000000.0,292000000.0,3013000000.0,1783000000.0,,153000000.0,,756000000.0,,,,474000000.0,576000000.0,,6000000.0,,10860000000.0,1158000000.0,,,,,,,,,,,,,,,,,,,,,,2131000000.0,-102000000.0,-4587000000.0,970000000.0,,-3380000000.0,6418000000.0,8134000000.0,172000000.0,-1888000000.0,-5491000000.0,199000000.0,-344000000.0,-344000000.0,-102000000.0,-102000000.0,,-3617000000.0,-3617000000.0,-4587000000.0,970000000.0,-1908000000.0,-1220000000.0,-65000000.0,5000000.0,-70000000.0,,,17000000.0,17000000.0,-3380000000.0,5511000000.0,-1329000000.0,,,47000000.0,740000000.0,,1005000000.0,129000000.0,,,2301000000.0,,2301000000.0,,20000000.0,,,883000000.0,,,,,,,,,,,,,,-798000000.0,,,,2415000000.0,,,756000000.0,-856000000.0,2000000.0,,,,659000000.0,,,,325000000.0,,,,,,,,,,,,,,,2.1944747364594694,1.829395371380104,0.7444565612504543,0.8612517385257302,2.0243619489559164,3.8262481463173503,0.5166073546856464,0.21816025018871993,-0.20093109271846277,-0.20812239221140472,-0.06681072972104155,0.6677571792075608,0.3559847555067502,0.11490348323088537,0.14570441549239987,0.32741537971691104,-0.04430959131311385,-0.01591589153207329,2.7597309056989188,-7.48431085989383,-0.030081853542023307,0.12743046715124456,-0.02882088255753737,-0.06033819182604827,-0.01951322409405668,-0.17665716010048416,-0.08899053279637997,-0.11321711412048122,0.7071037039398,0.0,-0.7071034720611858,0.7071046946341054,-0.7071067578446522,0.707106479784639,-0.7070792290086216,-0.707104804173681,-0.7071051401161019,-0.707105196833494,-0.7071034602629835,-0.7071061365725325,-0.7071055542994505,-0.7071003847739633,4
2021-12-31,ANG.JO,Mining,AngloGold,-11469968.387777,0.327713,-35000000.0,-35000000.0,614000000.0,477000000.0,-58000000.0,110000000.0,58000000.0,637530031.612223,614000000.0,,,,,614000000.0,614000000.0,,614000000.0,-24000000.0,638000000.0,638000000.0,311000000.0,949000000.0,,11000000.0,,-11000000.0,,0.0,-46000000.0,373000000.0,220000000.0,,,,90000000.0,,90000000.0,,,4029000000.0,4029000000.0,,1059000000.0,3232000000.0,,0.0,210000000.0,-58000000.0,110000000.0,,,6000000.0,58000000.0,1094000000.0,2859000000.0,1059000000.0,810000000.0,797000000.0,1170000000.0,2859000000.0,,245000000.0,,83000000.0,7000000.0,18000000.0,,,,,417501452.0,417501452.0,755000000.0,2094000000.0,3925000000.0,5956000000.0,3925000000.0,4047000000.0,,5905000000.0,4101000000.0,54000000.0,4047000000.0,,,,7206000000.0,0.0,0.0,,3906000000.0,,1982000000.0,572000000.0,127000000.0,39000000.0,406000000.0,8007000000.0,0.0,1760000000.0,,,,,1643000000.0,,,122000000.0,3000000.0,119000000.0,3682000000.0,-6303000000.0,9985000000.0,142000000.0,,,126000000.0,41000000.0,216000000.0,152000000.0,1154000000.0,712000000.0,,442000000.0,,,,,,185000000.0,,,313000000.0,124000000.0,1858000000.0,700000000.0,112000000.0,61000000.0,51000000.0,7000000.0,,50000000.0,1154000000.0,0.0,77000000.0,,,14000000.0,,1313000000.0,3079000000.0,7000000.0,827000000.0,,,76000000.0,5867000000.0,117000000.0,,2140000000.0,0.0,26000000.0,703000000.0,30000000.0,,,,624000000.0,,,,49000000.0,,0.0,14000000.0,32000000.0,899000000.0,59000000.0,4047000000.0,,,,,77000000.0,313000000.0,,,51000000.0,0.0,639000000.0,67000000.0,,198000000.0,,0.0,16000000.0,0.0,0.0,,240000000.0,,-883000000.0,822000000.0,,-1028000000.0,1154000000.0,1330000000.0,-48000000.0,-128000000.0,-456000000.0,-35000000.0,-240000000.0,-240000000.0,,,,-61000000.0,-61000000.0,-883000000.0,822000000.0,-940000000.0,-1000000.0,2000000.0,2000000.0,0.0,-1000000.0,25000000.0,25000000.0,25000000.0,-1028000000.0,1268000000.0,-316000000.0,,,231000000.0,53000000.0,,1353000000.0,,-20000000.0,,477000000.0,3000000.0,474000000.0,,,,,958000000.0,,,,,,,22000000.0,,,,-1000000.0,,,-120000000.0,,,,-4000000.0,0.0,-4000000.0,44000000.0,-49000000.0,,,,,58000000.0,,,,44000000.0,-456000000.0,-940000000.0,1268000000.0,44000000.0,44000000.0,-49000000.0,7000000.0,477000000.0,-271000000.0,-249000000.0,0.0,0.0,3000000.0,,2.587666263603386,1.7376058041112454,1.3954050785973398,0.5174203113417346,9.627272727272727,1.9773371104815864,0.2903946388682055,0.2628443782576322,0.1523951352692976,0.15171732147269582,0.0766829024603472,1.5332527206771462,0.6055396370582617,0.05956813104988831,0.0,0.0,0.0,0.0,0.0,0.0,0.0,0.0,0.0,0.0,0.0,0.0,0.0,0.0,0.0,0.0,0.0,0.0,0.0,0.0,0.0,0.0,0.0,0.0,0.0,0.0,0.0,0.0,5
2022-12-31,ANG.JO,Mining,AngloGold,-95340000.0,0.21,-454000000.0,-454000000.0,233000000.0,637000000.0,-68000000.0,141000000.0,77000000.0,591660000.0,233000000.0,420869866.0,420197062.0,0.71,0.71,233000000.0,233000000.0,,233000000.0,-18000000.0,251000000.0,251000000.0,221000000.0,472000000.0,,-329000000.0,,315000000.0,,14000000.0,-125000000.0,296000000.0,198000000.0,,,,87000000.0,,87000000.0,,,4501000000.0,4388000000.0,,613000000.0,3668000000.0,,0.0,-293000000.0,-68000000.0,141000000.0,,,4000000.0,77000000.0,1704000000.0,3372000000.0,1250000000.0,519000000.0,833000000.0,1129000000.0,3372000000.0,,161000000.0,,80000000.0,7000000.0,11000000.0,,,,,418600473.0,418600473.0,877000000.0,2171000000.0,3934000000.0,6025000000.0,3934000000.0,4040000000.0,,6005000000.0,4075000000.0,35000000.0,4040000000.0,,,-1774000000.0,7222000000.0,0.0,0.0,,3938000000.0,,2080000000.0,555000000.0,154000000.0,45000000.0,356000000.0,8013000000.0,12000000.0,1094000000.0,,,,,1091000000.0,,,106000000.0,1000000.0,105000000.0,4364000000.0,-7079000000.0,11443000000.0,144000000.0,,,129000000.0,58000000.0,179000000.0,148000000.0,1108000000.0,870000000.0,,238000000.0,,,,,,186000000.0,,,300000000.0,115000000.0,1965000000.0,596000000.0,91000000.0,71000000.0,20000000.0,23000000.0,,20000000.0,1108000000.0,,71000000.0,,,11000000.0,,1261000000.0,3054000000.0,7000000.0,884000000.0,6000000.0,,81000000.0,5868000000.0,3000000.0,,2145000000.0,,27000000.0,773000000.0,53000000.0,,,,654000000.0,,,,66000000.0,,,19000000.0,35000000.0,757000000.0,38000000.0,5814000000.0,7320000000.0,-1441000000.0,-13000000.0,-52000000.0,71000000.0,300000000.0,,,18000000.0,2000000.0,706000000.0,151000000.0,,200000000.0,,0.0,15000000.0,0.0,0.0,,776000000.0,,-266000000.0,266000000.0,,-1028000000.0,1106000000.0,1154000000.0,-68000000.0,20000000.0,-323000000.0,-11000000.0,-203000000.0,-203000000.0,,,,0.0,0.0,-266000000.0,266000000.0,-1461000000.0,-522000000.0,0.0,0.0,0.0,0.0,8000000.0,8000000.0,8000000.0,-1028000000.0,1804000000.0,-134000000.0,,,694000000.0,-140000000.0,,102000000.0,,-85000000.0,,637000000.0,1000000.0,636000000.0,,6000000.0,,,472000000.0,,,,,,,18000000.0,,,,0.0,,,-109000000.0,,,,-16000000.0,0.0,-16000000.0,66000000.0,-152000000.0,102000000.0,,,,-54000000.0,,,,79000000.0,-323000000.0,-1461000000.0,1804000000.0,66000000.0,66000000.0,-152000000.0,319000000.0,637000000.0,-61000000.0,-161000000.0,0.0,0.0,1000000.0,,2.426470588235294,1.5520361990950227,1.253393665158371,0.5373762376237624,4.347517730496454,1.7368,0.25083314818929126,0.2777160630970895,0.05176627416129749,0.057673267326732676,0.02907774865843005,2.0407239819004523,0.8309534776600644,0.17240613197067317,-0.16119567536809187,-0.18556960501622277,-0.14201141343896873,0.019955926282027803,-5.279754996776273,-0.24053711048158655,-0.039561490678914235,0.014871684839457333,-0.10062886110800011,-0.09404405414596315,-0.047605153801917155,0.5074712612233061,0.2254138406018027,0.11283800092078486,0.48002682290963644,1.0345196684683953,1.0919823207733794,0.10994098332987776,-1.0550943280838383,1.1334953632389067,-0.7419116118285102,-0.7407120894539387,-1.319686535528125,-1.5675755831708458,-1.1148376350164093,0.49368465591441135,0.0,1.201799013738102,5
2023-12-31,ANG.JO,Mining,AngloGold,-144690000.0,0.21,-689000000.0,-689000000.0,-235000000.0,658000000.0,-30000000.0,151000000.0,122000000.0,309310000.0,-235000000.0,421105111.0,421105111.0,-0.56,-0.56,-235000000.0,-235000000.0,,-235000000.0,-13000000.0,-222000000.0,-222000000.0,285000000.0,63000000.0,,-535000000.0,,221000000.0,,314000000.0,-154000000.0,452000000.0,315000000.0,,,,99000000.0,,99000000.0,,,4582000000.0,4480000000.0,,214000000.0,4007000000.0,,,-482000000.0,-30000000.0,151000000.0,,,1000000.0,122000000.0,1561000000.0,3555000000.0,872000000.0,,575000000.0,1027000000.0,3555000000.0,,207000000.0,,93000000.0,6000000.0,-14000000.0,,,,,419729856.0,419729856.0,1284000000.0,2419000000.0,3604000000.0,5959000000.0,3604000000.0,3711000000.0,,5743000000.0,3740000000.0,29000000.0,3711000000.0,,,-2148000000.0,,420000000.0,420000000.0,,4435000000.0,,2130000000.0,693000000.0,197000000.0,64000000.0,432000000.0,8175000000.0,35000000.0,600000000.0,,,,,599000000.0,,,107000000.0,2000000.0,105000000.0,4561000000.0,-7681000000.0,12242000000.0,,,,116000000.0,41000000.0,300000000.0,119000000.0,964000000.0,964000000.0,,0.0,,,,,,171000000.0,,,395000000.0,98000000.0,2032000000.0,636000000.0,289000000.0,73000000.0,216000000.0,50000000.0,,25000000.0,964000000.0,,64000000.0,,,8000000.0,,969000000.0,3230000000.0,5000000.0,1205000000.0,15000000.0,,80000000.0,6001000000.0,1000000.0,,2174000000.0,,34000000.0,829000000.0,69000000.0,,,,708000000.0,,,,52000000.0,,,14000000.0,92000000.0,467000000.0,36000000.0,5439000000.0,6891000000.0,-1446000000.0,-2000000.0,-4000000.0,64000000.0,395000000.0,,,207000000.0,9000000.0,821000000.0,128000000.0,,198000000.0,,358000000.0,22000000.0,6000000.0,148000000.0,,-71000000.0,,-181000000.0,343000000.0,,-1042000000.0,955000000.0,1106000000.0,-138000000.0,-13000000.0,-87000000.0,-20000000.0,-107000000.0,-107000000.0,,,,162000000.0,162000000.0,-181000000.0,343000000.0,-897000000.0,-10000000.0,0.0,0.0,0.0,,,14000000.0,14000000.0,-1042000000.0,971000000.0,-80000000.0,,,180000000.0,-93000000.0,,128000000.0,,-75000000.0,,658000000.0,1000000.0,657000000.0,,9000000.0,,,63000000.0,,,,,,,12000000.0,,,,,,,-122000000.0,,,,20000000.0,20000000.0,0.0,82000000.0,-117000000.0,168000000.0,,,,-58000000.0,,,,109000000.0,-87000000.0,-897000000.0,971000000.0,82000000.0,82000000.0,-117000000.0,234000000.0,658000000.0,-44000000.0,-207000000.0,,,1000000.0,,1.804149377593361,1.116182572614108,0.8,0.6518458636486122,1.4172185430463575,2.7740825688073394,0.22413793103448276,0.19030990833697076,-0.05128764731558272,-0.06332524925895985,-0.02874617737003058,0.8058091286307054,0.4014055394791236,-0.015495416848537757,-0.6223212106419329,-0.43585362648091475,-0.453393665158371,0.11446962602484978,-2.930299187450097,1.0372825688073395,-0.026695217154808493,-0.08740615476011876,-0.10305392147688021,-0.12099851658569252,-0.057823926028460634,-1.0750224640229573,-0.42954793818094084,-0.1854341840473172,0.0,0.0,1.1009738300819771,0.0,-0.31919013232828186,0.434748403858053,-0.8669949725817183,-0.32578379516186656,-0.5669893372224107,-0.6654980913689253,-0.5612619121388752,0.22498428452688785,0.0,-1.1081357272527341,1
2024-12-31,ANG.JO,Mining,AngloGold,-10805622.009569,0.372608,-29000000.0,-29000000.0,1004000000.0,752000000.0,-7000000.0,161000000.0,154000000.0,1022194377.990431,1004000000.0,430901288.0,430901288.0,2.33,2.33,1004000000.0,1004000000.0,,1004000000.0,-45000000.0,1049000000.0,1049000000.0,623000000.0,1672000000.0,,58000000.0,,-58000000.0,,0.0,-87000000.0,514000000.0,311000000.0,,,,162000000.0,,162000000.0,,,5793000000.0,5673000000.0,,1833000000.0,4240000000.0,,,126000000.0,-7000000.0,161000000.0,,,,154000000.0,2614000000.0,3726000000.0,2585000000.0,,1553000000.0,2067000000.0,3726000000.0,,155000000.0,,159000000.0,3000000.0,-10000000.0,,,,,503527052.0,503527052.0,587000000.0,2153000000.0,6531000000.0,8641000000.0,6531000000.0,6629000000.0,,8530000000.0,8513000000.0,1884000000.0,6629000000.0,,,-1316000000.0,,526000000.0,526000000.0,,4644000000.0,,1966000000.0,983000000.0,230000000.0,187000000.0,566000000.0,13157000000.0,49000000.0,584000000.0,,,,,530000000.0,,,98000000.0,3000000.0,95000000.0,8635000000.0,-8091000000.0,16726000000.0,,,,124000000.0,59000000.0,571000000.0,145000000.0,1425000000.0,1425000000.0,,,,,,,,141000000.0,,,519000000.0,65000000.0,1901000000.0,656000000.0,187000000.0,76000000.0,111000000.0,12000000.0,,47000000.0,1425000000.0,,57000000.0,,,119000000.0,,1708000000.0,3204000000.0,6000000.0,1440000000.0,20000000.0,,109000000.0,10009000000.0,54000000.0,,3148000000.0,,20000000.0,1055000000.0,79000000.0,,,,910000000.0,,,,66000000.0,,,7000000.0,42000000.0,727000000.0,199000000.0,7419000000.0,8891000000.0,-1492000000.0,1000000.0,19000000.0,57000000.0,519000000.0,,,83000000.0,28000000.0,1124000000.0,141000000.0,,192000000.0,,203000000.0,25000000.0,18000000.0,260000000.0,,878000000.0,,-1000000000.0,655000000.0,,-1090000000.0,1397000000.0,955000000.0,-37000000.0,479000000.0,-727000000.0,-1000000.0,-244000000.0,-244000000.0,,,,-345000000.0,-345000000.0,-1000000000.0,655000000.0,-762000000.0,158000000.0,66000000.0,68000000.0,-2000000.0,,,16000000.0,16000000.0,-1090000000.0,1968000000.0,-183000000.0,,,88000000.0,-254000000.0,,156000000.0,,-57000000.0,,752000000.0,1000000.0,751000000.0,,-15000000.0,,,1672000000.0,,,,,,,12000000.0,,,,,,,-137000000.0,,,,-30000000.0,0.0,-30000000.0,6000000.0,-182000000.0,25000000.0,,,,-78000000.0,,,,106000000.0,-727000000.0,-762000000.0,1968000000.0,6000000.0,6000000.0,-182000000.0,-47000000.0,752000000.0,-159000000.0,-155000000.0,,,1000000.0,,2.186111111111111,1.4534722222222223,0.9895833333333334,0.32478503545029414,11.385093167701863,0.8328820116054159,0.35680994303469704,0.44622820645606764,0.17331261867771447,0.15145572484537637,0.07630918902485369,1.3666666666666667,0.9140733859730609,0.15156223027792162,0.38196173351774987,0.33728964960811436,0.18958333333333333,-0.32706082819831805,9.967874624655504,-1.9412005572019235,0.12991138972390484,0.2559182981190969,0.2246002659932972,0.21478097410433622,0.10505536639488428,0.5608575380359613,0.5126678464939373,0.16705764712645937,0.24129658385400618,0.0,0.8211171519094067,-0.8723344927911162,0.0,-0.04559735449210045,-0.7078982207312223,0.0,0.0,0.0,0.0,1.0467595130660272,1.4922283022115692,0.0,5
2022-06-30,BVT.JO,Industrial,Bidvest,-104355300.0,0.3,-347851000.0,-347851000.0,5071735000.0,3590848000.0,-1592489000.0,1882708000.0,581152000.0,5315230700.0,5071735000.0,340376000.0,339888000.0,14.9,14.922,5071735000.0,5071735000.0,0.0,5071735000.0,-375572000.0,5447307000.0,5447307000.0,2332248000.0,7779555000.0,218744000.0,-347851000.0,-193973000.0,182912000.0,17345000.0,341567000.0,,20562764000.0,20268608000.0,,,,,,,,,99929074000.0,99929074000.0,,9662263000.0,90529024000.0,,0.0,,-1592489000.0,1882708000.0,,390592000.0,290933000.0,581152000.0,13600962000.0,69966260000.0,13253111000.0,,9400050000.0,29962814000.0,69966260000.0,,,,,,,,,386604.0,,339887742.0,340274346.0,13561806000.0,30174623000.0,648035000.0,53449900000.0,648035000.0,28366633000.0,,49937676000.0,31875342000.0,3508709000.0,28366633000.0,332121000.0,-678663000.0,26103669000.0,1367796000.0,17014000.0,17014000.0,,64140828000.0,0.0,25478295000.0,18691296000.0,7994886000.0,1405392000.0,9291018000.0,96016170000.0,264667000.0,,2378183000.0,1506485000.0,871698000.0,,587551000.0,,,27718598000.0,13633353000.0,14085245000.0,19408608000.0,-12542250000.0,31950858000.0,9929831000.0,13040366000.0,2913212000.0,5584732000.0,1023117000.0,,557337000.0,11521461000.0,11521461000.0,,,,,,,,5091356000.0,,,4092040000.0,3907252000.0,21571043000.0,671955000.0,4696328000.0,1184104000.0,3512224000.0,1518704000.0,0.0,13127629000.0,11521461000.0,,73551000.0,1339439000.0,,2669771000.0,,6779197000.0,30591509000.0,,33549319000.0,752000.0,56900000.0,398812000.0,55687654000.0,,,40328516000.0,0.0,422315000.0,11375865000.0,6645561000.0,,53336000.0,,1621102000.0,-731140000.0,13858769000.0,2911043000.0,198159000.0,275668000.0,,1987164000.0,,482717000.0,484740000.0,,,,,,,,,,,,,,,,,,,,,,2541746000.0,-211729000.0,-17169703000.0,20492288000.0,,-3257672000.0,10476688000.0,5818129000.0,-10761000.0,4669320000.0,1818198000.0,-40856000.0,,,-211729000.0,-211729000.0,,3322585000.0,3322585000.0,-17169703000.0,20492288000.0,-2948296000.0,,-271871000.0,285936000.0,-557807000.0,-331633000.0,65000.0,-2670521000.0,255453000.0,,5799418000.0,-1989508000.0,114034000.0,-1502398000.0,86718000.0,-1369047000.0,,1598480000.0,288460000.0,,,3590848000.0,394697000.0,3196151000.0,-7002000.0,-34128000.0,,-172750000.0,7779555000.0,,,,,,,,,,,-331698000.0,-2925974000.0,-332887000.0,,,,,382441000.0,2734390000.0,-2351949000.0,2137895000.0,-2390372000.0,,-2500088000.0,,431477000.0,-1215160000.0,,,,,,,,,,,,,,,,,,,1.2020666052863844,0.8629877405261192,0.3434186249801375,1.0637365033770487,5.1321091746569305,2.276795463344418,0.29984080508941774,0.13262517573213978,0.05075334731911956,0.17879228035276518,0.05282167576565489,0.1728624655540698,0.192195209862274,0.025435500383001648,0.0,0.0,0.0,0.0,0.0,0.0,0.0,0.0,0.0,0.0,0.0,0.0,0.0,0.0,0.0,0.0,0.0,0.0,0.0,0.0,0.0,0.0,0.0,0.0,0.0,0.0,0.0,0.0,5
2023-06-30,BVT.JO,Industrial,Bidvest,-167143828.0,0.268,-623671000.0,-623671000.0,5972689000.0,3894145000.0,-2007477000.0,2364025000.0,824713000.0,6429216172.0,5972689000.0,340729000.0,339877000.0,17.529,17.573,5972689000.0,5972689000.0,0.0,5972689000.0,-393535000.0,6366224000.0,6366224000.0,2327902000.0,8694126000.0,471101000.0,-623671000.0,93580000.0,61549000.0,78047000.0,390495000.0,,22612930000.0,22307729000.0,,,,,,,,,114911518000.0,114911518000.0,,11058151000.0,104183217000.0,,,,-2007477000.0,2364025000.0,,399537000.0,468165000.0,824713000.0,15575967000.0,81570287000.0,14952296000.0,,10728301000.0,33341231000.0,81570287000.0,,,,,,,,,386604.0,,339887742.0,340274346.0,19102865000.0,33410848000.0,179123000.0,61348545000.0,179123000.0,32992176000.0,,56143189000.0,36331692000.0,3339516000.0,32992176000.0,623992000.0,,29200261000.0,1367796000.0,17014000.0,17014000.0,,71176830000.0,,27025917000.0,19966255000.0,8449531000.0,1755531000.0,9761193000.0,107508522000.0,344987000.0,,3001989000.0,2042575000.0,959414000.0,,811346000.0,,,32813053000.0,15388222000.0,17424831000.0,20914935000.0,-13936924000.0,34851859000.0,7057729000.0,14373794000.0,6935336000.0,5710097000.0,1414018000.0,,602458000.0,9253504000.0,9253504000.0,,,,,,,,5054479000.0,,,4631801000.0,3874904000.0,23151013000.0,567657000.0,6384931000.0,1179575000.0,5205356000.0,1607318000.0,0.0,14257024000.0,9253504000.0,,65751000.0,1513982000.0,,3501666000.0,,5119001000.0,32291126000.0,,38885704000.0,4108000.0,45983000.0,639343000.0,63503817000.0,,,44004705000.0,781208000.0,,14111588000.0,8135544000.0,,83239000.0,,1882494000.0,-722755000.0,14979779000.0,3858377000.0,235173000.0,,,,,774903000.0,,,,,,,,,,,,,,,,,,,,,,,1339863000.0,-414678000.0,-4523773000.0,4234337000.0,,-3715175000.0,7560841000.0,10476688000.0,451790000.0,-3296632000.0,-2453947000.0,-368836000.0,,,-414678000.0,-414678000.0,,-289436000.0,-289436000.0,-4523773000.0,4234337000.0,-5897723000.0,,-1938461000.0,61969000.0,-2000430000.0,-196105000.0,289000.0,-3186341000.0,332440000.0,,5055038000.0,-2382321000.0,64032000.0,-1879213000.0,25196000.0,-2625235000.0,,1908208000.0,347135000.0,,,3894145000.0,465625000.0,3428520000.0,-11885000.0,-168721000.0,,138551000.0,8694126000.0,,,,,,,,,,,-196394000.0,-3518781000.0,229080000.0,,,,,-496738000.0,2613385000.0,-3110123000.0,1623341000.0,-866070000.0,,-2901155000.0,-71005000.0,-877589000.0,-2733997000.0,,,,,,,,,,,,,,,,,,,1.1316422354086735,0.7687431092928136,0.23796673450993713,1.0126900389959121,4.677679381563224,2.234496160322134,0.29014698944278156,0.13012008073899084,0.05197641719431467,0.1810334971539919,0.055555493544967534,0.1299973378391195,0.15129930254987842,0.01165995387860075,-0.07042436987771095,-0.09424463123330551,-0.10545189047020034,-0.05104646438113658,-0.45442979309370646,-0.04229930302228402,-0.009693815646636184,-0.0025050949931489375,0.001223069875195111,0.002241216801226714,0.0027338177793126417,-0.042865127714950324,-0.04089590731239559,-0.013775546504400897,0.0,0.0,0.0,0.0,0.0,0.0,0.0,0.0,0.0,0.0,0.0,0.0,0.0,0.0,5
2024-06-30,BVT.JO,Industrial,Bidvest,-126166250.0,0.25,-504665000.0,-504665000.0,6147495000.0,3965730000.0,-2492051000.0,2532211000.0,204252000.0,6525993750.0,6368975000.0,340769000.0,339888000.0,18.69,18.738,6368975000.0,6368975000.0,0.0,6368975000.0,-402637000.0,6771612000.0,6550132000.0,2186006000.0,8736138000.0,401166000.0,-504665000.0,3920000.0,-16473000.0,43626000.0,473592000.0,,22425372000.0,22072929000.0,,,,,,,,,120708123000.0,120708123000.0,,11268349000.0,109513298000.0,,221480000.0,,-2492051000.0,2532211000.0,,381169000.0,164092000.0,204252000.0,15738744000.0,87087926000.0,15234079000.0,,11194825000.0,33620197000.0,87087926000.0,,,,,,,,,386604.0,,339887742.0,340274346.0,22708668000.0,36832639000.0,169535000.0,67129396000.0,169535000.0,35324074000.0,,61169799000.0,38532032000.0,3207958000.0,35324074000.0,693734000.0,,32081248000.0,1367796000.0,17014000.0,17014000.0,,74049487000.0,,29581831000.0,19831077000.0,8654316000.0,1598141000.0,9578620000.0,112581519000.0,238190000.0,,3367944000.0,2335408000.0,1032536000.0,,1004352000.0,,,35154539000.0,15490257000.0,19664282000.0,22039498000.0,-14305574000.0,36345072000.0,7046653000.0,15296876000.0,6837322000.0,6024588000.0,1131542000.0,,733120000.0,9096654000.0,,,,,,,,,5027317000.0,,,4621432000.0,3736106000.0,25845725000.0,518864000.0,7250808000.0,1291211000.0,5959597000.0,1638858000.0,0.0,14747157000.0,9096654000.0,,57646000.0,1127020000.0,,3708421000.0,,5499459000.0,34779773000.0,,39269714000.0,124918000.0,47816000.0,397802000.0,67812346000.0,,,44769173000.0,317781000.0,,14894387000.0,8938187000.0,,59198000.0,,1815530000.0,-600520000.0,15347677000.0,3784198000.0,356472000.0,,,,,1139633000.0,,,,,,,,,,,,,,,,,,,,,,,2600343000.0,-596431000.0,-1610745000.0,5640817000.0,,-3398653000.0,7799481000.0,7560841000.0,-225624000.0,464264000.0,1604843000.0,-384981000.0,,,-596431000.0,-596431000.0,,4030072000.0,4030072000.0,-1610745000.0,5640817000.0,-7139575000.0,-586191000.0,-3203086000.0,11778000.0,-3214864000.0,-108364000.0,58000.0,-3143249000.0,146982000.0,,5998996000.0,-2226713000.0,169825000.0,-2556941000.0,112426000.0,-1532890000.0,,2478772000.0,351297000.0,,,3965730000.0,502519000.0,3463211000.0,342000.0,-98315000.0,,0.0,8736138000.0,,,,,,,,,,,-108422000.0,-3290231000.0,377598000.0,,,,,10284000.0,23446000.0,-13162000.0,-431103000.0,-391125000.0,,-3260229000.0,,-772004000.0,-710662000.0,,,,,,,,,,,,,,,,,,,1.14004326591225,0.7607589400829352,0.2316455373217131,1.0427064273503674,4.450003968863574,2.4177791778551234,0.2785247269564452,0.1262059140792041,0.052763433327515166,0.18030125856943907,0.056572118199968505,0.15276393405869979,0.16287173992610196,0.02154240274285435,0.008401030503576434,-0.007984169209878433,-0.00632119718822402,0.030016388354455303,-0.22767541269965008,0.1832830175329896,-0.011622262486336354,-0.00391416665978675,0.0007870161332004938,-0.000732238584552819,0.0010166246550009708,0.0227665962195803,0.011572437376223543,0.0098824488642536,0.0,0.0,0.0,0.0,0.0,0.0,0.0,0.0,0.0,0.0,0.0,0.0,0.0,0.0,5
2025-06-30,BVT.JO,Industrial,Bidvest,-216018960.0,0.233,-927120000.0,-927120000.0,5887328000.0,4379231000.0,-2747082000.0,2785244000.0,194223000.0,6598429040.0,6068542000.0,340449000.0,339888000.0,17.825,17.855,6068542000.0,6068542000.0,0.0,6068542000.0,-372048000.0,6440590000.0,6259376000.0,1901745000.0,8161121000.0,432658000.0,-927120000.0,-25898000.0,20522000.0,171210000.0,761286000.0,,23839847000.0,23431382000.0,,,,,,,,,126605406000.0,126605406000.0,,10946365000.0,115380311000.0,,181214000.0,,-2747082000.0,2785244000.0,,,156061000.0,194223000.0,16252716000.0,91540464000.0,15325596000.0,,11225095000.0,35064942000.0,91540464000.0,,,,,,,,,386604.0,,339887742.0,340274346.0,32894183000.0,44507599000.0,-6283979000.0,77132471000.0,-6283979000.0,38044650000.0,,71796358000.0,41414557000.0,3369907000.0,38044650000.0,636835000.0,,34947121000.0,1367796000.0,17014000.0,17014000.0,,83175615000.0,,37654856000.0,11404690000.0,711678000.0,1312117000.0,9380895000.0,124590172000.0,62014000.0,,1211912000.0,107380000.0,1104532000.0,,1143595000.0,,,44328629000.0,17231210000.0,27097419000.0,21917425000.0,-15128926000.0,37046351000.0,6286801000.0,16500553000.0,7157302000.0,6363859000.0,1134162000.0,,810029000.0,6193638000.0,,,,,,,,,5419778000.0,,,5308499000.0,3903148000.0,33751708000.0,578380000.0,6852743000.0,1516630000.0,5336113000.0,1970143000.0,0.0,15813826000.0,6193638000.0,,54079000.0,26790000.0,,2880611000.0,,14349863000.0,43595814000.0,,39579801000.0,24143000.0,35619000.0,426541000.0,70660508000.0,,,53929664000.0,12183674000.0,,14835934000.0,8959187000.0,,7140000.0,,1837265000.0,-544513000.0,16358339000.0,3816574000.0,222908000.0,,,,,737836000.0,,,,,,,,,,,,,,,,,,,,,,,2740102000.0,-442875000.0,-13899526000.0,21172164000.0,,-3490615000.0,7417733000.0,7799481000.0,258381000.0,-640129000.0,5462703000.0,256327000.0,,,-442875000.0,-442875000.0,,7272638000.0,7272638000.0,-13899526000.0,21172164000.0,-12333549000.0,-100031000.0,-8988407000.0,20052000.0,-9008459000.0,-213562000.0,3327000.0,-2928788000.0,344938000.0,,6230717000.0,-2487162000.0,171938000.0,-2645296000.0,117270000.0,-1151632000.0,,2923059000.0,411755000.0,,,4379231000.0,563062000.0,3816169000.0,-8908000.0,-92329000.0,,,8161121000.0,,,,,,,,,,,-216889000.0,-3273726000.0,,,,,,7386000.0,623399000.0,-616013000.0,-1454641000.0,-29359000.0,,-3301770000.0,,,332368000.0,,,,,,,,,,,,,,,,,,,1.3625552084003656,0.9877192156676078,0.156484819112658,1.1698779986147856,3.930127845172631,2.9041349517500006,0.2769624387129251,0.12105009165248441,0.04793272413659808,0.1595110482025725,0.04870803132048008,0.15742163534374515,0.13999220672406976,0.021642851490875515,0.22251194248811568,0.22696027558467258,-0.07516071820905512,0.12717157126441814,-0.5198761236909428,0.48635577389487716,-0.0015622882435201157,-0.005155822426719678,-0.004830709190917083,-0.02079021036686657,-0.007864086879488426,0.0046577012850453625,-0.022879533202032204,0.00010044874802116535,0.0,0.0,0.0,0.0,0.0,0.0,0.0,0.0,0.0,0.0,0.0,0.0,0.0,0.0,4
2022-03-31,CFR.JO,Luxury,Richemont,-91160000.0,0.172,-530000000.0,-530000000.0,2444000000.0,1553000000.0,-114000000.0,188000000.0,103000000.0,2882840000.0,2074000000.0,574400000.0,566700000.0,3.611,3.66,2074000000.0,2074000000.0,0.0,2074000000.0,-5000000.0,2079000000.0,2449000000.0,494000000.0,2943000000.0,1000000.0,-98000000.0,98000000.0,,,,,7448000000.0,406000000.0,34000000.0,34000000.0,0.0,7008000000.0,3930000000.0,3078000000.0,,,16748000000.0,16748000000.0,,3131000000.0,13020000000.0,,-370000000.0,,-114000000.0,188000000.0,,571000000.0,29000000.0,103000000.0,5214000000.0,5572000000.0,4684000000.0,3753000000.0,3728000000.0,11176000000.0,5572000000.0,,,,,,,,,6761624.0,,567438376.0,574200000.0,1381000000.0,15048000000.0,13934000000.0,31072000000.0,13934000000.0,19814000000.0,,25762000000.0,19863000000.0,49000000.0,19814000000.0,,478000000.0,16082000000.0,,334000000.0,334000000.0,,20123000000.0,,9091000000.0,2783000000.0,1132000000.0,724000000.0,927000000.0,39986000000.0,,,605000000.0,280000000.0,325000000.0,,252000000.0,,0.0,5880000000.0,2342000000.0,3538000000.0,6590000000.0,-5740000000.0,12330000000.0,68000000.0,4771000000.0,5257000000.0,1796000000.0,181000000.0,,48000000.0,9877000000.0,9877000000.0,,,,,,,,3790000000.0,,,325000000.0,3143000000.0,5948000000.0,74000000.0,5957000000.0,647000000.0,5310000000.0,754000000.0,0.0,733000000.0,16509000000.0,6632000000.0,61000000.0,,,636000000.0,,14877000000.0,9616000000.0,,10507000000.0,251000000.0,,325000000.0,14602000000.0,,,25384000000.0,59000000.0,,7099000000.0,5742000000.0,64000000.0,55000000.0,-949000000.0,2306000000.0,-15000000.0,748000000.0,,,,,178000000.0,,438000000.0,335000000.0,,,,,,,,,,,,,,,,,,,,,,3763000000.0,,-16000000.0,1000000.0,-8000000.0,-875000000.0,4568000000.0,3780000000.0,195000000.0,593000000.0,-1767000000.0,-71000000.0,-1041000000.0,,-8000000.0,,-8000000.0,-15000000.0,-15000000.0,-16000000.0,1000000.0,-2278000000.0,-228000000.0,-235000000.0,64000000.0,-299000000.0,-117000000.0,,-736000000.0,18000000.0,-4000000.0,4638000000.0,-434000000.0,102000000.0,-210000000.0,6000000.0,81000000.0,-144000000.0,62000000.0,,24000000.0,,1553000000.0,349000000.0,1204000000.0,23000000.0,-24000000.0,10000000.0,,3390000000.0,,,,,,,,86000000.0,86000000.0,0.0,-117000000.0,-754000000.0,707000000.0,,,,,-1044000000.0,12654000000.0,-13698000000.0,,-62000000.0,,,,,-420000000.0,,,,,,,,,,,,,,,,,,,2.4159132007233275,1.740268392500238,0.9400399733510992,0.7594630059553851,16.654255319148938,3.2126387702818104,0.6673035586338667,0.27967518509672795,0.12383568187246238,0.10467346320783284,0.051868153853848846,0.44142000571047874,0.30821371610845294,0.22468354430379747,0.0,0.0,0.0,0.0,0.0,0.0,0.0,0.0,0.0,0.0,0.0,0.0,0.0,0.0,0.0,0.0,0.0,0.0,0.0,0.0,0.0,0.0,0.0,0.0,0.0,0.0,0.0,0.0,5
2023-03-31,CFR.JO,Luxury,Richemont,1790000.0,0.179,10000000.0,10000000.0,3923000000.0,1473000000.0,-84000000.0,288000000.0,218000000.0,3914790000.0,313000000.0,576700000.0,569000000.0,0.543,0.55,313000000.0,313000000.0,0.0,313000000.0,12000000.0,301000000.0,3911000000.0,847000000.0,4758000000.0,1000000.0,,,,,,,8686000000.0,332000000.0,29000000.0,29000000.0,0.0,8325000000.0,4683000000.0,3642000000.0,,,19953000000.0,19953000000.0,,5046000000.0,14923000000.0,,-3610000000.0,,-84000000.0,288000000.0,,697000000.0,14000000.0,218000000.0,6509000000.0,6237000000.0,6519000000.0,5031000000.0,5030000000.0,13716000000.0,6237000000.0,,,,,,,,,3900000.0,,570300000.0,574200000.0,852000000.0,15713000000.0,17852000000.0,30747000000.0,17852000000.0,18959000000.0,,24913000000.0,19019000000.0,60000000.0,18959000000.0,,305000000.0,14625000000.0,0.0,334000000.0,334000000.0,,21868000000.0,,9235000000.0,2703000000.0,1106000000.0,861000000.0,736000000.0,40887000000.0,,,590000000.0,301000000.0,289000000.0,,599000000.0,,34000000.0,1107000000.0,497000000.0,610000000.0,6908000000.0,-6365000000.0,13273000000.0,36000000.0,5156000000.0,5855000000.0,1863000000.0,167000000.0,,75000000.0,10936000000.0,10936000000.0,,,,,,,,3925000000.0,,,129000000.0,3281000000.0,5954000000.0,90000000.0,6478000000.0,644000000.0,5834000000.0,752000000.0,0.0,852000000.0,18337000000.0,7401000000.0,65000000.0,,,582000000.0,,18060000000.0,9560000000.0,,12308000000.0,267000000.0,,201000000.0,10519000000.0,,,30368000000.0,3124000000.0,,7096000000.0,5134000000.0,32000000.0,103000000.0,-844000000.0,2806000000.0,-12000000.0,864000000.0,,,,,135000000.0,,363000000.0,379000000.0,,,,,,,,,,,,,,,,,,,,,,3507000000.0,0.0,-6000000.0,4000000.0,198000000.0,-984000000.0,4636000000.0,4568000000.0,-32000000.0,100000000.0,-2318000000.0,25000000.0,-1851000000.0,-1851000000.0,198000000.0,0.0,198000000.0,-2000000.0,-2000000.0,-6000000.0,4000000.0,-2073000000.0,-44000000.0,-378000000.0,1000000.0,-379000000.0,-124000000.0,,-838000000.0,19000000.0,-3000000.0,4491000000.0,-734000000.0,210000000.0,-304000000.0,2000000.0,-1167000000.0,-248000000.0,79000000.0,,34000000.0,,1473000000.0,186000000.0,1287000000.0,13000000.0,-1000000.0,-6000000.0,,1392000000.0,,,,,,,,0.0,0.0,,-124000000.0,-857000000.0,218000000.0,,,,,-686000000.0,14553000000.0,-15239000000.0,,-151000000.0,,,,,-986000000.0,,,,,,,,,,,,,,,,,,,2.4673383165420866,1.8908027299317518,0.8885277868053298,0.8287884382087662,17.520833333333332,2.410339009050468,0.6874154262516915,0.3267177867989776,0.015686864130707162,0.016509309562740652,0.007655244943380536,0.36488462788430287,0.2858142938967734,0.1757630431514058,0.05142511581875908,0.1505343374315138,-0.05151218654576939,0.06932543225338117,0.8665780141843946,-0.8022997612313425,0.020111867617824797,0.047042601702249665,-0.10814881774175522,-0.0881641536450922,-0.04421290891046831,-0.07653537782617587,-0.022399422211679565,-0.04892050115239166,0.0,0.0,0.0,0.0,0.0,0.0,0.0,0.0,0.0,0.0,0.0,0.0,0.0,0.0,5
2024-03-31,CFR.JO,Luxury,Richemont,12670000.0,0.181,70000000.0,70000000.0,3825000000.0,1432000000.0,-22000000.0,433000000.0,420000000.0,3767670000.0,2362000000.0,579400000.0,576400000.0,4.077,4.098,2362000000.0,2362000000.0,0.0,2362000000.0,7000000.0,2355000000.0,3818000000.0,837000000.0,4655000000.0,1000000.0,,,,,,,9243000000.0,68000000.0,36000000.0,36000000.0,0.0,9139000000.0,5244000000.0,3895000000.0,,,20616000000.0,20616000000.0,,5088000000.0,15823000000.0,,-1463000000.0,,-22000000.0,433000000.0,,709000000.0,9000000.0,420000000.0,6450000000.0,6580000000.0,6520000000.0,4794000000.0,4793000000.0,14036000000.0,6580000000.0,,,,,,,,,6000000.0,,585340297.0,591340297.0,1334000000.0,16365000000.0,19082000000.0,32565000000.0,19082000000.0,20521000000.0,,26493000000.0,20635000000.0,114000000.0,20521000000.0,,461000000.0,14779000000.0,1162000000.0,352000000.0,352000000.0,,22046000000.0,,9620000000.0,2808000000.0,1123000000.0,923000000.0,762000000.0,42681000000.0,,,289000000.0,284000000.0,5000000.0,,656000000.0,,32000000.0,1439000000.0,680000000.0,759000000.0,7569000000.0,-7193000000.0,14762000000.0,49000000.0,5463000000.0,6747000000.0,1940000000.0,171000000.0,,50000000.0,10710000000.0,10710000000.0,,,,,,,,4321000000.0,,,265000000.0,3648000000.0,5972000000.0,84000000.0,6745000000.0,673000000.0,6072000000.0,888000000.0,0.0,929000000.0,19494000000.0,8784000000.0,62000000.0,,,728000000.0,,19440000000.0,10254000000.0,,11792000000.0,264000000.0,,197000000.0,11449000000.0,,,31232000000.0,1781000000.0,,7980000000.0,5682000000.0,32000000.0,67000000.0,-861000000.0,3159000000.0,-17000000.0,946000000.0,,,,,140000000.0,,563000000.0,411000000.0,,,,,,,,,,,,,,,,,,,,,,3675000000.0,-54000000.0,-6000000.0,12000000.0,1072000000.0,-1021000000.0,4906000000.0,4636000000.0,-48000000.0,318000000.0,-1822000000.0,,-2072000000.0,-2072000000.0,1018000000.0,-54000000.0,1072000000.0,6000000.0,6000000.0,-6000000.0,12000000.0,-2556000000.0,-45000000.0,-317000000.0,0.0,-317000000.0,-137000000.0,0.0,-865000000.0,8000000.0,-11000000.0,4696000000.0,-834000000.0,413000000.0,-451000000.0,1000000.0,-651000000.0,209000000.0,90000000.0,,14000000.0,,1432000000.0,93000000.0,1339000000.0,-15000000.0,,8000000.0,,3359000000.0,,,,,,,,0.0,,0.0,-137000000.0,-873000000.0,-36000000.0,,,,,-1181000000.0,17537000000.0,-18718000000.0,,-70000000.0,,,,,-754000000.0,,,,,,,,,,,,,,,,,,,2.648575305291723,1.9718453188602443,0.9082428765264586,0.7974757565420788,11.750577367205542,2.5099693251533743,0.6808304229724486,0.3162592161428017,0.11457120682964687,0.11510160323570975,0.05534078395538999,0.39823609226594303,0.28695386495569813,0.17825960419091968,0.18123698874963656,0.08104258892849248,0.019715089721128787,-0.031312681666687436,-5.77025596612779,0.0996303161029064,-0.00658500327924294,-0.010458570656175892,0.09888434269893971,0.0985922936729691,0.04768553901200945,0.03335146438164016,0.0011395710589247598,0.0024965610395138726,0.0,0.0,0.0,0.0,0.0,0.0,0.0,0.0,0.0,0.0,0.0,0.0,0.0,0.0,5
2025-03-31,CFR.JO,Luxury,Richemont,34320000.0,0.165,208000000.0,208000000.0,3763000000.0,1560000000.0,-41000000.0,483000000.0,446000000.0,3589320000.0,2751000000.0,588900000.0,586700000.0,4.671,4.689,2751000000.0,2751000000.0,0.0,2751000000.0,1000000.0,2750000000.0,3762000000.0,727000000.0,4489000000.0,5000000.0,,,,,,,9857000000.0,87000000.0,55000000.0,55000000.0,0.0,9715000000.0,5631000000.0,4084000000.0,,,21399000000.0,21399000000.0,,4972000000.0,16937000000.0,,-1012000000.0,,-41000000.0,483000000.0,,728000000.0,4000000.0,446000000.0,6324000000.0,7080000000.0,6532000000.0,4467000000.0,4462000000.0,14319000000.0,7080000000.0,,,,,,,,,3400000.0,,587940297.0,591340297.0,905000000.0,13147000000.0,20550000000.0,30610000000.0,20550000000.0,22099000000.0,,26586000000.0,22166000000.0,67000000.0,22099000000.0,,295000000.0,15864000000.0,1162000000.0,352000000.0,352000000.0,,18840000000.0,,8356000000.0,2780000000.0,1172000000.0,869000000.0,739000000.0,41006000000.0,,,301000000.0,296000000.0,5000000.0,,667000000.0,,222000000.0,1549000000.0,730000000.0,819000000.0,8268000000.0,-7936000000.0,16204000000.0,56000000.0,5839000000.0,7424000000.0,2117000000.0,156000000.0,,57000000.0,7606000000.0,7606000000.0,,,,,,,,4636000000.0,,,313000000.0,3869000000.0,4487000000.0,120000000.0,4791000000.0,767000000.0,4024000000.0,1047000000.0,0.0,876000000.0,16768000000.0,9162000000.0,70000000.0,,,763000000.0,,18557000000.0,9065000000.0,,9775000000.0,293000000.0,,255000000.0,12674000000.0,,,28332000000.0,616000000.0,,9013000000.0,6293000000.0,45000000.0,38000000.0,-940000000.0,3660000000.0,-19000000.0,895000000.0,,,,,151000000.0,,768000000.0,446000000.0,,,,,,,,,,,,,,,,,,,,,,3263000000.0,-104000000.0,-20000000.0,3000000.0,162000000.0,-1180000000.0,5293000000.0,4906000000.0,42000000.0,345000000.0,-2550000000.0,-71000000.0,-1710000000.0,,58000000.0,-104000000.0,162000000.0,-17000000.0,-17000000.0,-20000000.0,3000000.0,-1548000000.0,-30000000.0,-87000000.0,51000000.0,-138000000.0,-120000000.0,6000000.0,-1035000000.0,5000000.0,-14000000.0,4443000000.0,-937000000.0,440000000.0,-488000000.0,4000000.0,-693000000.0,55000000.0,105000000.0,,22000000.0,,1560000000.0,108000000.0,1452000000.0,-4000000.0,,16000000.0,,3434000000.0,,,,,,,,-187000000.0,,-187000000.0,-126000000.0,-1040000000.0,128000000.0,,,,,-75000000.0,19925000000.0,-20000000000.0,,44000000.0,,,,,-920000000.0,,,,,,,,,,,,,,,,,,,2.8984143222506393,1.9763682864450127,0.7781074168797953,0.5949137970043893,10.29399585921325,2.0127066748315983,0.669143417916725,0.30524790878078417,0.12855740922473013,0.12448527082673425,0.06708774325708433,0.4545268542199489,0.33794782079561875,0.15248376092340762,0.2498390169589162,0.004522967584768445,-0.1301354596466633,-0.20256195953768952,-1.4565815079922917,-0.4972626503217761,-0.01168700505572351,-0.011011307362017553,0.013986202395083261,0.009383667591024492,0.011746959301694344,0.05629076195400584,0.05099395583992061,-0.02577584326751206,0.0,0.0,0.0,0.0,0.0,0.0,0.0,0.0,0.0,0.0,0.0,0.0,0.0,0.0,5
2022-12-31,GFI.JO,Mining,Gold Fields,-79945264.16406,0.384168,-208100000.0,-208100000.0,698000000.0,844300000.0,-59300000.0,72500000.0,13200000.0,826154735.83594,711000000.0,893916246.0,890968721.0,0.78,0.8,701300000.0,711000000.0,,711000000.0,-10700000.0,721700000.0,708700000.0,442100000.0,1150800000.0,-15300000.0,-238900000.0,,113600000.0,391400000.0,-255700000.0,30800000.0,132200000.0,78800000.0,,,,35900000.0,,35900000.0,,,4286700000.0,4286700000.0,,1223300000.0,2850300000.0,,13000000.0,-226300000.0,-59300000.0,72500000.0,,,,13200000.0,2275700000.0,2718100000.0,2067600000.0,,1436400000.0,1568600000.0,2718100000.0,-9700000.0,-2900000.0,17500000.0,,35900000.0,,10400000.0,,,,891378571.0,891378571.0,309900000.0,1473500000.0,4207600000.0,5286900000.0,4207600000.0,4207600000.0,,5286900000.0,4339500000.0,131900000.0,4207600000.0,,,2629200000.0,,3871500000.0,3871500000.0,,2998600000.0,,1409400000.0,250000000.0,63300000.0,53600000.0,133100000.0,7338100000.0,,295800000.0,34500000.0,34500000.0,,,84900000.0,,,,,,4815700000.0,-7977100000.0,12792800000.0,,,,,66300000.0,207700000.0,129400000.0,769400000.0,769400000.0,,,,,,,,394200000.0,,,399800000.0,330100000.0,1079300000.0,381600000.0,64100000.0,64100000.0,,195500000.0,,55800000.0,769400000.0,,,,,22500000.0,,1017000000.0,2213200000.0,,785400000.0,10200000.0,30600000.0,18500000.0,5535700000.0,176400000.0,,1802400000.0,0.0,,759000000.0,,,0.0,,238600000.0,,,,520400000.0,,,,195500000.0,,205300000.0,-2293100000.0,-2293100000.0,,,,22400000.0,399800000.0,,,,,662000000.0,412000000.0,,,,23400000.0,,,,7300000.0,309900000.0,,-263400000.0,206500000.0,0.0,-1069300000.0,769400000.0,524700000.0,-5400000.0,250100000.0,-56900000.0,,,,0.0,,0.0,-56900000.0,-56900000.0,-263400000.0,206500000.0,-1072200000.0,26300000.0,0.0,0.0,0.0,,,-1067300000.0,2000000.0,26300000.0,1379200000.0,-611700000.0,12100000.0,-97200000.0,,-134200000.0,,20100000.0,6900000.0,,442100000.0,844300000.0,,,29000000.0,-1800000.0,,,708700000.0,,,,,,,,,,,,-1069300000.0,,,,,,-31200000.0,1500000.0,-32700000.0,22400000.0,38500000.0,,-335600000.0,,,-195100000.0,,,,,-56900000.0,-1072200000.0,1379200000.0,22400000.0,,,505000000.0,844300000.0,18700000.0,1900000.0,,,,442100000.0,2.294881588999236,1.3284950343773874,0.9796282149223325,0.3501996387489305,16.873103448275863,0.7126620236022442,0.3659225044906338,0.4823290643152075,0.16586185177409196,0.16897994105903602,0.0968915659366866,1.7560478736949325,0.9360027146250424,0.0722933725243194,0.0,0.0,0.0,0.0,0.0,0.0,0.0,0.0,0.0,0.0,0.0,0.0,0.0,0.0,0.0,0.0,0.0,-1.665355053857326,0.0,-0.8602700181667627,0.0,1.238510376905582,0.6415857347023407,0.0591805601597504,0.8805228515679124,0.0,0.8155750871812594,-0.4964420762550708,5
2023-12-31,GFI.JO,Mining,Gold Fields,-52098000.0,0.38,-137100000.0,-137100000.0,722200000.0,795300000.0,-38300000.0,62900000.0,24600000.0,807202000.0,703300000.0,895037887.0,893318864.0,0.77,0.79,692200000.0,703300000.0,,703300000.0,-23000000.0,726300000.0,745200000.0,465100000.0,1210300000.0,-48800000.0,-131800000.0,,0.0,156400000.0,7800000.0,-5300000.0,170200000.0,72100000.0,,,,64900000.0,,64900000.0,,,4500700000.0,4500700000.0,,1273200000.0,3033600000.0,,-18900000.0,-218500000.0,-38300000.0,62900000.0,,,,24600000.0,2205600000.0,2863400000.0,2068500000.0,,1467100000.0,1637300000.0,2863400000.0,-11100000.0,-32600000.0,33200000.0,,64900000.0,,32400000.0,,0.0,,893540813.0,893540813.0,587800000.0,1672900000.0,4476100000.0,5712600000.0,4476100000.0,4476100000.0,,5129500000.0,4619800000.0,143700000.0,4476100000.0,,,2963900000.0,,3871500000.0,3871500000.0,,3606500000.0,,1013100000.0,332600000.0,75100000.0,95700000.0,161800000.0,8226300000.0,,764300000.0,106100000.0,65700000.0,,,548600000.0,,,,,,5074400000.0,-8695500000.0,13769900000.0,,,,,59300000.0,198500000.0,98800000.0,648700000.0,648700000.0,,,,,,,,436400000.0,,,389300000.0,359700000.0,653400000.0,657800000.0,659800000.0,76700000.0,583100000.0,172200000.0,,68700000.0,648700000.0,,,,,31000000.0,,381900000.0,2100700000.0,,1505800000.0,,38400000.0,47000000.0,6338600000.0,109600000.0,40400000.0,1887700000.0,153300000.0,,827900000.0,,,,,265200000.0,,,,562700000.0,,,,172200000.0,,252000000.0,-2359300000.0,-2359300000.0,,,,40500000.0,389300000.0,,,583100000.0,,760600000.0,428000000.0,,75700000.0,,0.0,,0.0,,7800000.0,138100000.0,,-722400000.0,804800000.0,,-1054700000.0,648700000.0,769400000.0,-26200000.0,-94500000.0,82400000.0,,,,,,,82400000.0,82400000.0,-722400000.0,804800000.0,-1369700000.0,35500000.0,-316200000.0,0.0,-316200000.0,,,-1052700000.0,2000000.0,,1192800000.0,-421800000.0,23400000.0,-104800000.0,,-199100000.0,,52100000.0,9100000.0,,465100000.0,795300000.0,,,55800000.0,,,,745200000.0,,,,,,,,,,,,-1054700000.0,,,,,,-36300000.0,5000000.0,-41300000.0,15400000.0,-61400000.0,,-382800000.0,,,-153100000.0,,,,,82400000.0,-1369700000.0,1192800000.0,15400000.0,,,156400000.0,795300000.0,54700000.0,31300000.0,,,,465100000.0,1.2536193385575773,0.7038119272147696,0.43080090317439235,0.37374053305332766,20.241653418124006,0.8087503021513174,0.36378785522252094,0.4595951740840314,0.15626458106516763,0.15712338866423894,0.08549408604111204,0.7921370699960154,0.7130133301452567,0.030684115804208233,-1.0412622504416589,-0.6246831071626178,-0.5488273117479402,0.023540894304397153,3.368549969848143,0.0960882785490732,-0.0021346492681128537,-0.022733890231176113,-0.009597270708924327,-0.011856552394797076,-0.011397479895574561,-0.9639108036989171,-0.22298938447978567,-0.04160925672011117,-1.6219505631527527,-1.6181020002930353,-0.8815727720689036,-1.6590383932735138,1.445708618289914,-1.111595369828742,0.0,1.3645865764587137,0.9819587410450465,0.9504319916770174,1.0860415580043274,0.0,1.5706168896117318,0.6318860125092822,5
2024-12-31,GFI.JO,Mining,Gold Fields,3366955.121755,0.350724,9600000.0,9600000.0,1245000000.0,627400000.0,-21800000.0,50400000.0,28600000.0,1238766955.121755,1245000000.0,895503589.0,894881526.0,1.38,1.39,1234400000.0,1245000000.0,,1245000000.0,-45500000.0,1290500000.0,1290500000.0,697100000.0,1987600000.0,-39500000.0,16100000.0,42300000.0,0.0,3500000.0,6600000.0,-6500000.0,117300000.0,98400000.0,,,,18900000.0,,18900000.0,,,5201600000.0,5201600000.0,,2038000000.0,3108700000.0,,0.0,-83500000.0,-21800000.0,50400000.0,,,,28600000.0,2655800000.0,2991400000.0,2665400000.0,,2092900000.0,2210200000.0,2991400000.0,-10600000.0,-53600000.0,0.0,,18900000.0,,68500000.0,,,,895024247.0,895024247.0,1635400000.0,2945800000.0,5201400000.0,7697000000.0,5201400000.0,5201400000.0,,6977900000.0,5366900000.0,165500000.0,5201400000.0,,,3858000000.0,,3871500000.0,3871500000.0,,4776000000.0,,2139800000.0,339600000.0,75500000.0,112400000.0,151700000.0,10142900000.0,,277700000.0,151700000.0,114500000.0,,,12600000.0,,,,,,7298400000.0,-8980800000.0,16279200000.0,,,,,50800000.0,293100000.0,113000000.0,860200000.0,860200000.0,,,,,,,,450200000.0,,,503800000.0,363300000.0,1776500000.0,402000000.0,806000000.0,86900000.0,719100000.0,154900000.0,,152700000.0,860200000.0,,,,,27400000.0,,237400000.0,3065600000.0,,1710400000.0,,31000000.0,79200000.0,8195100000.0,113400000.0,37200000.0,1947800000.0,21100000.0,,699300000.0,,,,,258100000.0,,,,441200000.0,,,,199500000.0,,349800000.0,-2528100000.0,-2528100000.0,,,,20000000.0,503800000.0,,,,719100000.0,794200000.0,454600000.0,,69700000.0,,,,23300000.0,,6400000.0,423600000.0,0.0,-1078500000.0,2291100000.0,,-1183400000.0,860200000.0,648700000.0,-17500000.0,229000000.0,1212600000.0,,,,0.0,0.0,,1212600000.0,1212600000.0,-1078500000.0,2291100000.0,-2590600000.0,-5200000.0,-1390500000.0,127300000.0,-1517800000.0,,,-1180700000.0,2700000.0,,1607000000.0,-525500000.0,0.0,200000.0,,13900000.0,,-648600000.0,4400000.0,-300000.0,697100000.0,627400000.0,,,14500000.0,,,0.0,1290500000.0,,,,,,,,,,,,-1183400000.0,,,,,,-14200000.0,56600000.0,-70800000.0,95400000.0,-96800000.0,,-379200000.0,,,15300000.0,,,,,1212600000.0,-2590600000.0,1607000000.0,95400000.0,,,3500000.0,627400000.0,-1900000.0,52100000.0,,,,697100000.0,1.138797942001871,0.7299462114125351,0.5029232927970065,0.5663475218210482,40.43650793650794,1.1051999699857433,0.42490772070132266,0.5124192556136573,0.23934943094432481,0.2393586342138655,0.12274596022833706,0.9395463049579046,0.5455224387263222,0.08143648108274378,-0.11482139655570633,0.026134284197765534,0.07212238962261419,0.19260698876772053,20.19485451838393,0.29644966783442595,0.061119865478801716,0.05282408152962592,0.08308484987915718,0.08223524554962655,0.03725187418722502,0.14740923496188918,-0.16749089141893447,0.05075236527853554,-1.598747365699002,-1.6407046505624625,-1.0132057804158052,0.0,1.3730576615907226,0.0,0.0,0.29186861827852906,0.2982392967937089,0.43310731967182403,0.5283344287942754,0.0,0.0,-0.9558271120382104,5
2025-12-31,GFI.JO,Mining,Gold Fields,295227545.045896,0.311487,947800000.0,947800000.0,3567400000.0,920400000.0,-67400000.0,120700000.0,53300000.0,2914827545.045896,3567400000.0,897339333.0,894972803.0,3.94,3.99,3538000000.0,3567400000.0,,3567400000.0,-78000000.0,3645400000.0,3645400000.0,1649200000.0,5294600000.0,-55700000.0,941200000.0,-720500000.0,-285100000.0,3800000.0,61700000.0,6600000.0,366400000.0,297800000.0,,,,68600000.0,,68600000.0,,,8751300000.0,8751300000.0,,5415300000.0,4279100000.0,,,889800000.0,-67400000.0,120700000.0,,,,53300000.0,5387900000.0,3912700000.0,6335700000.0,,4472200000.0,4838600000.0,3912700000.0,-29400000.0,-2300000.0,,,68600000.0,,1100000.0,,,,895024247.0,895024247.0,959000000.0,3221200000.0,8432600000.0,11170800000.0,8432600000.0,8432600000.0,,10992100000.0,8672400000.0,239800000.0,8432600000.0,,,6677300000.0,,3844800000.0,3844800000.0,,6552800000.0,,2938600000.0,,,,,15225200000.0,,192400000.0,,,,,2800000.0,,,,,,11336800000.0,,,,,,,,,,1779200000.0,,,,,,,,,483000000.0,,,1401700000.0,379100000.0,2559500000.0,492200000.0,282600000.0,103900000.0,178700000.0,38200000.0,,,1779200000.0,,,,,,,1348500000.0,4852900000.0,,1699900000.0,1373200000.0,44100000.0,,12176800000.0,189600000.0,,3048400000.0,77500000.0,,,,1191700000.0,,,,,,,,,,,60200000.0,,587400000.0,-2089500000.0,-2089500000.0,,,,20400000.0,1401700000.0,,,178700000.0,,,,,,,,,,,,2373700000.0,-36300000.0,-4222800000.0,4085800000.0,,-1398500000.0,1779200000.0,860200000.0,85900000.0,833100000.0,-173300000.0,,,,-36300000.0,-36300000.0,,-137000000.0,-137000000.0,-4222800000.0,4085800000.0,-2765800000.0,-23800000.0,-2124200000.0,0.0,-2124200000.0,,,-1396300000.0,2200000.0,,3772200000.0,,0.0,200000.0,,187400000.0,,-857400000.0,25400000.0,66700000.0,1649200000.0,920400000.0,,,43200000.0,,,-866300000.0,3645400000.0,,,,,,,,,,,,-1398500000.0,,,,,,778500000.0,882000000.0,-103500000.0,,,,-761900000.0,,,,,,,,-173300000.0,-2765800000.0,3772200000.0,,,,-281300000.0,920400000.0,-821900000.0,2300000.0,,,,1649200000.0,1.7932819577622212,,1.046649802929584,0.3819936911510092,44.86578293289146,0.5084205375885853,0.5529007118942328,0.7239724383805834,0.40764229314501843,0.4230486445461661,0.21721005345051914,2.152600494768783,1.1710542654911213,0.256551544581787,0.6544840157603502,0.0,0.5437265101325776,-0.18435383067003902,4.429274996383526,-0.596779432397158,0.1279929911929102,0.21155318276692614,0.16829286220069362,0.1836900103323006,0.11156294868583155,0.8555113635497175,0.6255318267647991,0.18980322044731462,-0.7071042886280372,0.0,0.7071034720611858,-0.7071046946341055,0.7071067578446523,-0.7071064797846388,0.7070792290086216,0.7071048041736812,0.7071051401161019,0.707105196833494,0.7071034602629835,0.7071061365725326,0.7071055542994505,0.7071003847739631,5
2022-06-30,IMP.JO,Mining,Implats,-6210000.0,0.27,-23000000.0,-23000000.0,32049000000.0,5821000000.0,243000000.0,293000000.0,775000000.0,32065790000.0,32049000000.0,834640000.0,831250000.0,38.4,38.56,32049000000.0,32049000000.0,0.0,32049000000.0,-1090000000.0,33139000000.0,33139000000.0,12100000000.0,45239000000.0,-242000000.0,-32000000.0,-65000000.0,0.0,0.0,97000000.0,,185000000.0,159000000.0,,,,26000000.0,,26000000.0,,,118332000000.0,118332000000.0,,45532000000.0,77232000000.0,,,,243000000.0,293000000.0,,,239000000.0,775000000.0,51376000000.0,77047000000.0,51353000000.0,,41100000000.0,41285000000.0,77047000000.0,,,,,,,,,4091502.0,,846127628.0,850219130.0,,1207000000.0,114697000000.0,114697000000.0,114697000000.0,114697000000.0,,114697000000.0,119291000000.0,4594000000.0,114697000000.0,1563000000.0,,81336000000.0,,23080000000.0,23080000000.0,,36796000000.0,,957000000.0,15535000000.0,851000000.0,616000000.0,14068000000.0,156087000000.0,,,588000000.0,588000000.0,,,26804000000.0,21316000000.0,90000000.0,0.0,,0.0,64513000000.0,-49994000000.0,114507000000.0,7646000000.0,21622000000.0,,,1981000000.0,,1564000000.0,26505000000.0,8254000000.0,,18251000000.0,,,,5488000000.0,,1207000000.0,,0.0,16795000000.0,957000000.0,0.0,2214000000.0,250000000.0,250000000.0,0.0,,71929000000.0,3932000000.0,27561000000.0,1056000000.0,,,,1243000000.0,,43593000000.0,20209000000.0,,16587000000.0,244000000.0,1364000000.0,98000000.0,95907000000.0,,,60180000000.0,,,23899000000.0,8209000000.0,1981000000.0,,,1921000000.0,,,,13769000000.0,227000000.0,,3597000000.0,,13310000000.0,3597000000.0,,,,,,,,,,,,,,,,,,,,,,25971000000.0,-867000000.0,0.0,0.0,,-8968000000.0,26505000000.0,23474000000.0,559000000.0,2472000000.0,-15905000000.0,,-14395000000.0,-14395000000.0,-867000000.0,-867000000.0,,0.0,0.0,0.0,0.0,-16562000000.0,-40000000.0,-10157000000.0,0.0,-10157000000.0,,,-8885000000.0,83000000.0,,34939000000.0,-10637000000.0,,-379000000.0,,-319000000.0,,18000000.0,-24000000.0,-246000000.0,-35000000.0,5821000000.0,261000000.0,5821000000.0,-7000000.0,-11000000.0,-33000000.0,25000000.0,45239000000.0,,,,,,,2070000000.0,,,,,-8968000000.0,,,,,,-306000000.0,0.0,-306000000.0,-1002000000.0,807000000.0,-162000000.0,,,,-124000000.0,,,,756000000.0,,,,,,,,,,,,,,,3.6281425212515828,2.1873153674564416,1.597938144329897,0.01052337898986024,155.39931740614335,0.02350398224057017,0.34889125511273367,0.4339739039313119,0.27083967143291754,0.27942317584592447,0.20532779795883066,2.106408633267016,17.237260149130005,0.21947571240239327,0.0,0.0,0.0,0.0,0.0,0.0,0.0,0.0,0.0,0.0,0.0,0.0,0.0,0.0,0.0,0.0,0.0,0.0,0.0,0.0,0.0,0.0,0.0,0.0,0.0,0.0,0.0,0.0,5
2023-06-30,IMP.JO,Mining,Implats,-5730930000.0,0.37,-11245000000.0,-15489000000.0,4905000000.0,7736000000.0,1177000000.0,430000000.0,1753000000.0,18907070000.0,4905000000.0,853770000.0,850280000.0,5.75,5.77,4905000000.0,4905000000.0,0.0,4905000000.0,-1273000000.0,6178000000.0,6178000000.0,3609000000.0,9787000000.0,-285000000.0,-15516000000.0,-15000000.0,0.0,10872000000.0,415000000.0,,206000000.0,169000000.0,,,,37000000.0,,37000000.0,,,106594000000.0,106594000000.0,,10217000000.0,84462000000.0,,,,1177000000.0,430000000.0,,,146000000.0,1753000000.0,29198000000.0,84256000000.0,17953000000.0,,22132000000.0,22338000000.0,84256000000.0,,,,,,,,,3358916.0,,863042241.0,866401157.0,,2590000000.0,104977000000.0,116320000000.0,104977000000.0,114847000000.0,,116272000000.0,126035000000.0,11188000000.0,114847000000.0,933000000.0,,74175000000.0,,25819000000.0,25819000000.0,,43351000000.0,,2255000000.0,15446000000.0,601000000.0,324000000.0,14521000000.0,169386000000.0,,,1918000000.0,1918000000.0,,,12525000000.0,4733000000.0,88000000.0,9870000000.0,,9870000000.0,71176000000.0,-69824000000.0,141000000000.0,10004000000.0,30802000000.0,,,,,1821000000.0,26820000000.0,6298000000.0,,20522000000.0,,,,7792000000.0,,1117000000.0,,1238000000.0,19140000000.0,830000000.0,1425000000.0,2734000000.0,335000000.0,287000000.0,48000000.0,,84477000000.0,8759000000.0,26843000000.0,23000000.0,,,,1789000000.0,,50090000000.0,25679000000.0,,17672000000.0,553000000.0,1826000000.0,94000000.0,101624000000.0,,,67762000000.0,,,24320000000.0,6429000000.0,4230000000.0,,,3288000000.0,,,,14603000000.0,304000000.0,,3541000000.0,,15717000000.0,3541000000.0,,,,,,,,,,,,,,,,,,,,,,10899000000.0,-384000000.0,-2000000.0,0.0,,-12670000000.0,26820000000.0,26505000000.0,935000000.0,-620000000.0,-14598000000.0,-275000000.0,-12466000000.0,-12466000000.0,-384000000.0,-384000000.0,,-2000000.0,-2000000.0,-2000000.0,0.0,-9591000000.0,-94000000.0,417000000.0,5256000000.0,-4839000000.0,,,-12615000000.0,55000000.0,,23569000000.0,-6419000000.0,,-384000000.0,,-2111000000.0,,-663000000.0,310000000.0,-255000000.0,0.0,7736000000.0,279000000.0,7736000000.0,-7000000.0,1765000000.0,-15000000.0,21000000.0,9787000000.0,,,,,,,1616000000.0,,,,,-12670000000.0,,,,,,-610000000.0,1125000000.0,-1735000000.0,-1366000000.0,137000000.0,-809000000.0,,,,-882000000.0,,,,1695000000.0,,,,,,,,,,,,,,,3.8344273426889997,2.4582390221819828,1.5176550475328203,0.022551742753402354,23.760465116279068,0.14426558235392414,0.20956151378126348,0.1684241139276132,0.04601572321143779,0.04270899544611527,0.02895752895752896,1.3336917157084653,9.1,0.10224778130101131,0.2062848214374169,0.27092365472554114,-0.08028309679707668,0.012028363763542113,-96.74130304210047,0.12076160011335398,-0.1393297413314702,-0.2655497900036987,-0.22482394822147975,-0.23671418039980918,-0.16622477689505008,-0.7727169175585509,-12.280522346077095,-0.11722793110138197,0.0,0.0,0.0,0.0,0.0,0.0,0.0,0.0,0.0,0.0,0.0,0.0,0.0,0.0,5
2024-06-30,IMP.JO,Mining,Implats,-3543840000.0,0.16,-15802000000.0,-22149000000.0,-17313000000.0,8369000000.0,116000000.0,768000000.0,978000000.0,7639160000.0,-17313000000.0,899850000.0,897360000.0,-19.29,-19.29,-17313000000.0,-17313000000.0,0.0,-17313000000.0,-162000000.0,-17151000000.0,-17151000000.0,-3275000000.0,-20426000000.0,-63000000.0,-22380000000.0,-378000000.0,3247000000.0,12258000000.0,906000000.0,,1913000000.0,-71000000.0,,,,52000000.0,,52000000.0,,,86398000000.0,86398000000.0,,-19658000000.0,82844000000.0,,,,116000000.0,768000000.0,,,94000000.0,978000000.0,4513000000.0,80931000000.0,-11289000000.0,,3554000000.0,5467000000.0,80931000000.0,,,,,,,,,4621322.0,,899747163.0,904368485.0,,3341000000.0,87876000000.0,93887000000.0,87876000000.0,91399000000.0,,92740000000.0,96625000000.0,5226000000.0,91399000000.0,2706000000.0,,44276000000.0,,31096000000.0,31096000000.0,,36330000000.0,0.0,1912000000.0,12327000000.0,486000000.0,248000000.0,11593000000.0,132955000000.0,,,1968000000.0,1968000000.0,,,10305000000.0,3964000000.0,86000000.0,3523000000.0,,3523000000.0,63502000000.0,-87256000000.0,150758000000.0,10097000000.0,31180000000.0,,,,,1468000000.0,9629000000.0,4822000000.0,,4807000000.0,,,,6341000000.0,,853000000.0,,1259000000.0,13332000000.0,571000000.0,1341000000.0,2855000000.0,1429000000.0,282000000.0,1147000000.0,,95863000000.0,7834000000.0,9663000000.0,34000000.0,,,,3315000000.0,,33743000000.0,19486000000.0,,16844000000.0,100000000.0,3191000000.0,55000000.0,82368000000.0,,,50587000000.0,,,26578000000.0,5784000000.0,1729000000.0,,,2930000000.0,,,,17864000000.0,128000000.0,,,,13618000000.0,208000000.0,,,,,,,,,,,,,,,,,,,,,,-7039000000.0,-439000000.0,-79000000.0,1123000000.0,,-13980000000.0,9629000000.0,26820000000.0,-182000000.0,-17009000000.0,-12899000000.0,-11431000000.0,-1487000000.0,-1487000000.0,-439000000.0,-439000000.0,,1044000000.0,1044000000.0,-79000000.0,1123000000.0,-11051000000.0,14000000.0,-134000000.0,0.0,-134000000.0,,,-12172000000.0,1808000000.0,,6941000000.0,-1410000000.0,,-480000000.0,,-889000000.0,,1656000000.0,-348000000.0,-366000000.0,-159000000.0,8369000000.0,325000000.0,8044000000.0,-28000000.0,-24000000.0,-51000000.0,0.0,-20426000000.0,,,,,,,249000000.0,,,,,-13980000000.0,,,,,,-22000000.0,0.0,-22000000.0,-1239000000.0,-588000000.0,581000000.0,,,,938000000.0,,,,1014000000.0,,,,,,,,,,,,,,,3.0032652576585135,1.4253740204227023,0.5716575635241036,0.03655401043775096,-11.887608656609197,-0.2959518114979183,0.06327692770665988,-0.07200661247962993,-0.20038658302275517,-0.18942220374402347,-0.12495423004164255,0.4120755165043933,2.0775217000897936,-0.08147179332854927,-0.8311620850304862,-1.0328650017592804,-0.9459974840087167,0.014002267684348604,-49.356819282945736,-0.44021739385184244,-0.14218122767615488,-0.2990868607504563,-0.24640230623419296,-0.23213119919013875,-0.15917451966867183,-0.9216161992040721,-7.0224782999102064,-0.18371957462956057,0.0,0.0,0.0,0.0,0.0,0.0,0.0,0.0,0.0,0.0,0.0,0.0,0.0,0.0,1
2025-06-30,IMP.JO,Mining,Implats,30510000.0,0.27,113000000.0,113000000.0,761000000.0,7712000000.0,-12000000.0,822000000.0,917000000.0,678510000.0,761000000.0,901840000.0,897450000.0,0.84,0.85,761000000.0,761000000.0,0.0,761000000.0,54000000.0,707000000.0,707000000.0,786000000.0,1493000000.0,-206000000.0,-255000000.0,-455000000.0,106000000.0,-31000000.0,635000000.0,,54000000.0,6000000.0,,,,48000000.0,,48000000.0,,,85459000000.0,85459000000.0,,2315000000.0,83070000000.0,,,,-12000000.0,822000000.0,,,107000000.0,917000000.0,9914000000.0,83016000000.0,10027000000.0,,2389000000.0,2443000000.0,83016000000.0,,,,,,,,,7373942.0,,896994543.0,904368485.0,,3790000000.0,88036000000.0,94675000000.0,88036000000.0,91559000000.0,,92839000000.0,96615000000.0,5056000000.0,91559000000.0,3142000000.0,,44952000000.0,,30838000000.0,30838000000.0,,39242000000.0,,1636000000.0,14483000000.0,801000000.0,597000000.0,13085000000.0,135857000000.0,,,2177000000.0,2177000000.0,,,9596000000.0,4121000000.0,114000000.0,3523000000.0,,3523000000.0,63226000000.0,-92780000000.0,156006000000.0,10411000000.0,38463000000.0,,,,,779000000.0,11628000000.0,3652000000.0,,7976000000.0,,,,5475000000.0,,674000000.0,,1338000000.0,12173000000.0,356000000.0,1280000000.0,4308000000.0,2154000000.0,318000000.0,1836000000.0,,100622000000.0,8026000000.0,11669000000.0,41000000.0,,,,2459000000.0,,34248000000.0,19611000000.0,,19631000000.0,236000000.0,3360000000.0,240000000.0,81978000000.0,,,53879000000.0,,,29735000000.0,6577000000.0,1211000000.0,,,2935000000.0,,,,20223000000.0,156000000.0,,,,6510000000.0,180000000.0,,,,,,,,,,,,,,,,,,,,,,509000000.0,-592000000.0,-45000000.0,717000000.0,,-6857000000.0,11628000000.0,9629000000.0,-82000000.0,2081000000.0,-230000000.0,,,0.0,-592000000.0,-592000000.0,,672000000.0,672000000.0,-45000000.0,717000000.0,-5055000000.0,51000000.0,-43000000.0,,-43000000.0,,,-6477000000.0,380000000.0,,7366000000.0,-832000000.0,,-385000000.0,,-1275000000.0,,-167000000.0,654000000.0,-410000000.0,14000000.0,7712000000.0,0.0,7712000000.0,12000000.0,-26000000.0,-15000000.0,,1493000000.0,,,,,,,451000000.0,,,,,-6857000000.0,,,,,,0.0,178000000.0,-178000000.0,1383000000.0,556000000.0,373000000.0,,,,-3214000000.0,,,,963000000.0,,,,,,,,,,,,,,,2.744587641994804,1.2298914981406959,0.5923284600886353,0.041394073766642274,2.816301703163017,0.3779794554702304,0.04905397850760287,0.11733111784598463,0.008904854959688272,0.008311580510927381,0.005601478024687723,0.37522286180021397,1.9435356200527705,0.005956072502603588,-0.2586776156637094,-0.19548252228200647,0.020670896564531693,0.004840063328891316,28.412655869829685,0.6739312669681488,-0.034690119997700025,0.24799386466882775,0.20929143798244343,0.19773378425495083,0.1358184687358306,-0.03685265470417931,-0.13398608003702317,0.08742786583115286,0.0,0.0,0.0,0.0,0.0,0.0,0.0,0.0,0.0,0.0,0.0,0.0,0.0,0.0,5
2021-12-31,MTN.JO,Telecoms,MTN Group,-1395800000.0,0.28,-4402000000.0,-4985000000.0,13750000000.0,34640000000.0,-11897000000.0,13138000000.0,1198000000.0,17922200000.0,13750000000.0,1849168000.0,1801960000.0,7.44,7.63,13750000000.0,13750000000.0,0.0,13750000000.0,-3244000000.0,16994000000.0,16994000000.0,11822000000.0,28816000000.0,677000000.0,-4985000000.0,3233000000.0,1169000000.0,,,,88273000000.0,19465000000.0,34640000000.0,6243000000.0,28397000000.0,22452000000.0,22452000000.0,,,,181646000000.0,181646000000.0,,41954000000.0,136128000000.0,,,,-11897000000.0,13138000000.0,,,-43000000.0,1198000000.0,80996000000.0,47855000000.0,76594000000.0,,45518000000.0,133791000000.0,47855000000.0,,,,,,,,,81043456.0,,1803226302.0,1884269758.0,41414000000.0,126217000000.0,65421000000.0,190083000000.0,65421000000.0,109181000000.0,,174665000000.0,112615000000.0,3434000000.0,109181000000.0,,,81485000000.0,37994000000.0,0.0,0.0,,247051000000.0,,105164000000.0,96671000000.0,38869000000.0,7035000000.0,50767000000.0,359666000000.0,,,609000000.0,609000000.0,0.0,,13848000000.0,255000000.0,,43760000000.0,29642000000.0,15611000000.0,136594000000.0,-146569000000.0,136594000000.0,136594000000.0,19810000000.0,45848000000.0,9555000000.0,,,3288000000.0,39488000000.0,39488000000.0,,,,,,13593000000.0,,45315000000.0,,792000000.0,8500000000.0,39680000000.0,65484000000.0,807000000.0,21053000000.0,5635000000.0,15418000000.0,7223000000.0,0.0,27995000000.0,83170000000.0,43682000000.0,,,,3007000000.0,,-1258000000.0,119993000000.0,,127058000000.0,,,2892000000.0,233866000000.0,19916000000.0,408000000.0,125800000000.0,7291000000.0,6801000000.0,1539000000.0,2400000000.0,10249000000.0,,-1014000000.0,153000000.0,-3054000000.0,17680000000.0,,,1120000000.0,4402000000.0,1344000000.0,1091000000.0,12984000000.0,,,,,,,,,,,,,,,,,,,,,,,32061000000.0,-257000000.0,-43953000000.0,23754000000.0,2191000000.0,-35225000000.0,39019000000.0,30636000000.0,-1515000000.0,10154000000.0,-26179000000.0,119000000.0,,0.0,1934000000.0,-257000000.0,2191000000.0,-20199000000.0,-20199000000.0,-43953000000.0,23754000000.0,-30953000000.0,-1695000000.0,747000000.0,1875000000.0,-1128000000.0,-10812000000.0,,-24238000000.0,175000000.0,,67286000000.0,-10954000000.0,1161000000.0,-12145000000.0,554000000.0,3854000000.0,,12419000000.0,1075000000.0,1942000000.0,,34640000000.0,6243000000.0,28397000000.0,,,-79000000.0,4141000000.0,28816000000.0,,,,,,,,,,,-10812000000.0,-24413000000.0,,,,,,5045000000.0,5188000000.0,-143000000.0,7978000000.0,-4027000000.0,2551000000.0,,-256000000.0,,-97000000.0,,,,,,,,,,,,,,,,,,,0.9900990099009901,0.9779864313935368,0.31078719954666373,1.1560344748628424,3.19333231846552,1.6478705903856699,0.7318119816851475,0.42166631800314897,0.07569668476046816,0.12593766314651816,0.0382299133084584,0.5295691731335296,0.5330977602066282,0.17650264800766327,0.0,0.0,0.0,0.0,0.0,0.0,0.0,0.0,0.0,0.0,0.0,0.0,0.0,0.0,0.0,0.0,0.0,0.0,0.0,0.0,0.0,0.0,0.0,0.0,0.0,0.0,0.0,0.0,5
2022-12-31,MTN.JO,Telecoms,MTN Group,-620480000.0,0.28,-1591000000.0,-2216000000.0,19037000000.0,34618000000.0,-12271000000.0,14313000000.0,2042000000.0,21257520000.0,19037000000.0,1852086000.0,1805193000.0,10.28,10.54,19037000000.0,19037000000.0,0.0,19037000000.0,-4817000000.0,23854000000.0,23854000000.0,17036000000.0,40890000000.0,410000000.0,-2216000000.0,-1251000000.0,2842000000.0,,,,93153000000.0,21041000000.0,34618000000.0,5999000000.0,28619000000.0,24819000000.0,24819000000.0,,,,207003000000.0,207003000000.0,,55203000000.0,149350000000.0,,,,-12271000000.0,14313000000.0,,,,2042000000.0,91412000000.0,56197000000.0,89821000000.0,,57653000000.0,150806000000.0,56197000000.0,,,,,,,,,78154914.0,,1806114844.0,1884269758.0,37640000000.0,137840000000.0,62840000000.0,196478000000.0,62840000000.0,114488000000.0,,180269000000.0,119639000000.0,5151000000.0,114488000000.0,,,93296000000.0,38490000000.0,0.0,0.0,,265712000000.0,,115611000000.0,76771000000.0,48618000000.0,11395000000.0,16758000000.0,385351000000.0,,,10205000000.0,9813000000.0,,,22942000000.0,103000000.0,,51648000000.0,38418000000.0,13230000000.0,151500000000.0,-156172000000.0,307672000000.0,257208000000.0,20213000000.0,4675000000.0,10816000000.0,,,2483000000.0,44350000000.0,44350000000.0,,,,,,22839000000.0,,55850000000.0,,1045000000.0,4971000000.0,49830000000.0,65781000000.0,894000000.0,22229000000.0,6020000000.0,16209000000.0,6571000000.0,0.0,15741000000.0,87665000000.0,43315000000.0,,,,16177000000.0,,-5816000000.0,125689000000.0,,140023000000.0,,,3482000000.0,251144000000.0,9593000000.0,392000000.0,134207000000.0,3358000000.0,10235000000.0,1906000000.0,2817000000.0,9043000000.0,,-1071000000.0,160000000.0,-2833000000.0,18574000000.0,,,67000000.0,3101000000.0,1390000000.0,1114000000.0,14760000000.0,,,,,,,,,,,,,,,,,,,,,,,22309000000.0,-1417000000.0,-28134000000.0,25000000000.0,2775000000.0,-45812000000.0,43634000000.0,39019000000.0,-2280000000.0,7266000000.0,-17419000000.0,3640000000.0,-5414000000.0,-5414000000.0,-1417000000.0,-1417000000.0,2775000000.0,-3134000000.0,-3134000000.0,-28134000000.0,25000000000.0,-43436000000.0,-4522000000.0,0.0,0.0,0.0,-13786000000.0,,-25473000000.0,6553000000.0,,68121000000.0,-13953000000.0,1873000000.0,-14417000000.0,371000000.0,-2747000000.0,,11444000000.0,807000000.0,3271000000.0,,34618000000.0,5999000000.0,28619000000.0,,-371000000.0,-556000000.0,0.0,40890000000.0,,,,,,,,,,,-13786000000.0,-32026000000.0,,,,,,345000000.0,492000000.0,-147000000.0,5962000000.0,-8098000000.0,6055000000.0,,-371000000.0,,-611000000.0,,,,,,,,,,,,,,,,,,,0.958463966634053,0.9448519171850339,0.3167336794669447,1.2039689749144016,3.8568434290505134,1.5346077197982655,0.728520842693101,0.43391158582242767,0.0919648507509553,0.16627943539934317,0.04940171428126565,0.48649864665090736,0.4942034242600116,0.10777138495577358,-0.03163504326693711,-0.033134514208502885,0.005946479920280967,0.04793450005155919,0.6635111105849933,-0.11326287058740436,-0.008027168273284091,0.012245267819278705,0.016268165990487138,0.04034177225282501,0.011171800972807247,-0.04307052648262222,-0.03889433594661662,-0.06873126305188969,0.0,0.0,0.0,0.0,0.0,0.0,0.0,0.0,0.0,0.0,0.0,0.0,0.0,0.0,5
2023-12-31,MTN.JO,Telecoms,MTN Group,-476010000.0,0.27,-1763000000.0,-1763000000.0,4092000000.0,42268000000.0,-15899000000.0,18954000000.0,3055000000.0,5378990000.0,4092000000.0,1837960000.0,1806315000.0,2.23,2.27,4092000000.0,4092000000.0,0.0,4092000000.0,75000000.0,4017000000.0,4017000000.0,7751000000.0,11768000000.0,324000000.0,-1763000000.0,-744000000.0,2230000000.0,277000000.0,,,109043000000.0,24542000000.0,42268000000.0,8138000000.0,34130000000.0,27134000000.0,27134000000.0,,,,221056000000.0,221056000000.0,,30722000000.0,172361000000.0,,,,-15899000000.0,18954000000.0,,,,3055000000.0,74753000000.0,63318000000.0,72990000000.0,,48695000000.0,157738000000.0,63318000000.0,,,,,,,,,77794961.0,,1806474797.0,1884269758.0,47494000000.0,148447000000.0,63143000000.0,224244000000.0,63143000000.0,139205000000.0,,195130000000.0,150183000000.0,10978000000.0,139205000000.0,10686000000.0,,96339000000.0,38490000000.0,0.0,0.0,,284531000000.0,,110303000000.0,84242000000.0,60709000000.0,5819000000.0,17714000000.0,434714000000.0,,,8113000000.0,7979000000.0,,,24445000000.0,235000000.0,,76062000000.0,41536000000.0,34526000000.0,164155000000.0,-187249000000.0,351404000000.0,291429000000.0,23314000000.0,4892000000.0,11702000000.0,,,2376000000.0,37545000000.0,37545000000.0,,,,,,24210000000.0,,63408000000.0,,1130000000.0,5709000000.0,54378000000.0,55925000000.0,715000000.0,38144000000.0,9030000000.0,29114000000.0,10223000000.0,0.0,17566000000.0,90329000000.0,52784000000.0,,,,15091000000.0,,-18966000000.0,127729000000.0,,156802000000.0,,,3002000000.0,296878000000.0,30000000.0,134000000.0,137836000000.0,6890000000.0,11002000000.0,1472000000.0,2140000000.0,,,-759000000.0,91000000.0,-2117000000.0,19683000000.0,,,,7992000000.0,1997000000.0,1124000000.0,20067000000.0,,,,,,,,,,,,,,,,,,,,,,,17260000000.0,-1299000000.0,-26027000000.0,33381000000.0,1175000000.0,-46798000000.0,36555000000.0,43634000000.0,-9730000000.0,2318000000.0,-9485000000.0,852000000.0,-5963000000.0,-5963000000.0,-124000000.0,-1299000000.0,1175000000.0,7354000000.0,7354000000.0,-26027000000.0,33381000000.0,-52255000000.0,-6460000000.0,0.0,,0.0,-13710000000.0,,-32988000000.0,100000000.0,,64058000000.0,-15824000000.0,2811000000.0,-16284000000.0,228000000.0,-4121000000.0,,16048000000.0,1079000000.0,3391000000.0,,42268000000.0,8138000000.0,34130000000.0,,,8000000.0,-76000000.0,11768000000.0,,,,,,,,,,,-13710000000.0,-33088000000.0,,,,,,831000000.0,865000000.0,-34000000.0,3818000000.0,-8767000000.0,23170000000.0,,333000000.0,,828000000.0,,,,,,,,,,,,,,,,,,,0.8790449101414523,0.8696572747796584,0.23944209895281948,1.0663912934161848,1.6208715838345469,2.033799150568571,0.71356579328315,0.33018782570932254,0.018511146496815286,0.02939549585144212,0.009413085384873733,0.4085279524495861,0.4315210142340364,0.0780797625940938,-0.07941905649260073,-0.07519464240537554,-0.07729158051412521,-0.1375776814982168,-2.2359718452159667,0.4991914307703056,-0.014955049409951071,-0.10372376011310513,-0.07345370425414001,-0.13688393954790107,-0.03998862889639192,-0.07797069420132124,-0.06268241002597524,-0.029691622361679784,0.0,0.0,0.0,0.0,0.0,0.0,0.0,0.0,0.0,0.0,0.0,0.0,0.0,0.0,4
2024-12-31,MTN.JO,Telecoms,MTN Group,-3410910000.0,0.27,-12196000000.0,-12633000000.0,-9592000000.0,36054000000.0,-15933000000.0,18350000000.0,2417000000.0,67090000.0,-9592000000.0,1806532000.0,1806532000.0,-5.31,-5.31,-9592000000.0,-9592000000.0,0.0,-9592000000.0,1615000000.0,-11207000000.0,-11207000000.0,6790000000.0,-4417000000.0,585000000.0,-12633000000.0,-2200000000.0,2674000000.0,11722000000.0,,,93615000000.0,19356000000.0,36054000000.0,6368000000.0,29686000000.0,24138000000.0,24138000000.0,,,,188001000000.0,188001000000.0,,13933000000.0,150293000000.0,,,,-15933000000.0,18350000000.0,,,,2417000000.0,62183000000.0,56678000000.0,49987000000.0,,37708000000.0,131323000000.0,56678000000.0,,,,,,,,,77650931.0,,1806618827.0,1884269758.0,50301000000.0,155744000000.0,50895000000.0,204047000000.0,50895000000.0,123445000000.0,,190181000000.0,138447000000.0,15002000000.0,123445000000.0,11415000000.0,,79458000000.0,38490000000.0,0.0,0.0,,292513000000.0,,132542000000.0,92701000000.0,73225000000.0,1756000000.0,17720000000.0,430960000000.0,,,5951000000.0,5839000000.0,,,23691000000.0,3000000.0,,72550000000.0,37673000000.0,34877000000.0,167808000000.0,-194073000000.0,361881000000.0,303268000000.0,20724000000.0,4140000000.0,11292000000.0,,,1808000000.0,30301000000.0,30301000000.0,,,,,,23688000000.0,,75142000000.0,,1088000000.0,6756000000.0,65806000000.0,66736000000.0,683000000.0,23202000000.0,9336000000.0,13866000000.0,10457000000.0,0.0,18979000000.0,99317000000.0,69016000000.0,,,,18912000000.0,,-6942000000.0,143313000000.0,,149200000000.0,,,1544000000.0,288702000000.0,26000000.0,112000000.0,142258000000.0,,2029000000.0,1213000000.0,1691000000.0,,,-547000000.0,69000000.0,-3314000000.0,22293000000.0,,,,402000000.0,1922000000.0,1230000000.0,22457000000.0,,,,,,,,,,,,,,,,,,,,,,,15141000000.0,-1237000000.0,-35487000000.0,34849000000.0,0.0,-31676000000.0,29061000000.0,36555000000.0,-4365000000.0,-2729000000.0,-16205000000.0,2215000000.0,-5963000000.0,-5963000000.0,-1237000000.0,-1237000000.0,0.0,-638000000.0,-638000000.0,-35487000000.0,34849000000.0,-33341000000.0,5022000000.0,-836000000.0,,-836000000.0,-6675000000.0,,-24931000000.0,70000000.0,,46817000000.0,-10152000000.0,1879000000.0,-15496000000.0,84000000.0,-7581000000.0,,13896000000.0,932000000.0,1777000000.0,,36054000000.0,6368000000.0,29686000000.0,,,155000000.0,651000000.0,-4417000000.0,,,,,,,,,,,-6675000000.0,-25001000000.0,,,,,,-5548000000.0,0.0,-5548000000.0,485000000.0,-8369000000.0,18879000000.0,,-400000000.0,,303000000.0,,,,,,,,,,,,,,,,,,,0.9534718498659518,0.9453418230563003,0.20308981233243967,1.261646887277735,0.759291553133515,3.1156900794206495,0.6985228801974458,0.26588688358040646,-0.05102100520741911,-0.07770262060026732,-0.022257286059031,0.3137868632707775,0.30060227039243886,0.08053680565528906,0.07442693972449954,0.07568454827664195,-0.036352286620379815,0.19525559386155034,-0.8615800307010318,1.0818909288520784,-0.015042913085704157,-0.06430094212891607,-0.0695321517042344,-0.10709811645170944,-0.031670371443904735,-0.09474108917880864,-0.13091874384159752,0.002457043061195263,0.0,0.0,0.0,0.0,0.0,0.0,0.0,0.0,0.0,0.0,0.0,0.0,0.0,0.0,2
2022-03-31,NPN.JO,Tech,Naspers,2419000000.0,0.236,10496000000.0,10250000000.0,12170000000.0,197000000.0,-349000000.0,407000000.0,58000000.0,4585000000.0,12223000000.0,290582540.0,289776608.0,41.27,42.18,12223000000.0,12223000000.0,0.0,12223000000.0,6315000000.0,18538000000.0,18485000000.0,64000000.0,18549000000.0,34000000.0,10443000000.0,-11326000000.0,588000000.0,0.0,49000000.0,,2454000000.0,,,,,2454000000.0,,2454000000.0,,,6294000000.0,6294000000.0,,18956000000.0,7116000000.0,,53000000.0,,-349000000.0,407000000.0,,,,58000000.0,8657000000.0,4662000000.0,19153000000.0,-985000000.0,-822000000.0,1632000000.0,4662000000.0,-230000000.0,,,,,,,,1105090610.0,,1073425873.0,2178516483.0,6709000000.0,16273000000.0,16159000000.0,36509000000.0,16159000000.0,20581000000.0,,36242000000.0,50128000000.0,29547000000.0,20581000000.0,,43753000000.0,44920000000.0,4607000000.0,4000000.0,4000000.0,,21189000000.0,2000000.0,15933000000.0,1572000000.0,838000000.0,123000000.0,609000000.0,71317000000.0,,,5604000000.0,5540000000.0,64000000.0,,44607000000.0,44461000000.0,,4422000000.0,964000000.0,3458000000.0,736000000.0,-368000000.0,1104000000.0,46000000.0,353000000.0,,,,,,9219000000.0,939000000.0,,8280000000.0,,,2000000.0,146000000.0,,345000000.0,,,244000000.0,272000000.0,15661000000.0,6000000.0,340000000.0,73000000.0,267000000.0,31000000.0,668000000.0,412000000.0,13140000000.0,3921000000.0,205000000.0,13000000.0,,821000000.0,,10885000000.0,16550000000.0,,4639000000.0,1142000000.0,1189000000.0,9000000.0,55793000000.0,2000000.0,,15524000000.0,39000000.0,514000000.0,571000000.0,597000000.0,,27000000.0,-28000000.0,,-32000000.0,350000000.0,,2000000.0,160000000.0,,,,37000000.0,,,,,,,,,,,,,,,,,,,,,,,-981000000.0,-1286000000.0,-1619000000.0,9564000000.0,-218000000.0,-279000000.0,9715000000.0,3749000000.0,-132000000.0,6098000000.0,894000000.0,-5249000000.0,-238000000.0,-238000000.0,-1504000000.0,-1286000000.0,-218000000.0,7945000000.0,7945000000.0,-1619000000.0,9564000000.0,5906000000.0,,10061000000.0,14641000000.0,-4580000000.0,-28000000.0,2000000.0,-230000000.0,19000000.0,,-702000000.0,-197000000.0,46000000.0,-389000000.0,572000000.0,-586000000.0,,326000000.0,258000000.0,32000000.0,,197000000.0,146000000.0,197000000.0,,1128000000.0,,-12434000000.0,18549000000.0,,,,,,,,,,,-30000000.0,-249000000.0,,,,,,-3897000000.0,1571000000.0,-5468000000.0,-155000000.0,-210000000.0,-122000000.0,,,,-221000000.0,,,,,,,,,,,,,,,,,,,3.346410864410433,3.223323992239707,1.9872817417546884,0.790680724940479,46.57493857493858,0.8496319114499034,0.25929456625357483,2.3437666753087885,1.2269127063893763,0.5938972839026286,0.17138971072815737,-0.0846866488108381,-0.024033751116529844,-0.1119720758903455,0.0,0.0,0.0,0.0,0.0,0.0,0.0,0.0,0.0,0.0,0.0,0.0,0.0,0.0,0.0,0.0,0.0,0.0,0.0,0.0,0.0,0.0,0.0,0.0,0.0,0.0,0.0,0.0,5
2023-03-31,NPN.JO,Tech,Naspers,26010105.176325,0.005259,5559000000.0,4946000000.0,4024000000.0,205000000.0,-60000000.0,569000000.0,482000000.0,-282989894.823675,4331000000.0,1042021710.0,208404342.0,19.98,20.78,4331000000.0,4331000000.0,0.0,4331000000.0,5623000000.0,9954000000.0,9647000000.0,51000000.0,9698000000.0,6000000.0,5002000000.0,-7422000000.0,1778000000.0,,29000000.0,,2307000000.0,,,,,2307000000.0,,2307000000.0,,,5960000000.0,5960000000.0,,10267000000.0,6392000000.0,,307000000.0,,-60000000.0,569000000.0,,,-27000000.0,482000000.0,4913000000.0,4085000000.0,10472000000.0,-1073000000.0,-432000000.0,1875000000.0,4085000000.0,,,,,,,,,1200758135.0,,977758348.0,2178516483.0,6828000000.0,16454000000.0,17086000000.0,35109000000.0,17086000000.0,18960000000.0,,34667000000.0,44605000000.0,25645000000.0,18960000000.0,3148000000.0,46825000000.0,48963000000.0,4607000000.0,4000000.0,4000000.0,,20893000000.0,0.0,15939000000.0,1584000000.0,1001000000.0,175000000.0,406000000.0,65498000000.0,,,2656000000.0,2622000000.0,34000000.0,,36000000000.0,35930000000.0,,1874000000.0,391000000.0,1483000000.0,786000000.0,-369000000.0,1155000000.0,59000000.0,333000000.0,,,,,,9321000000.0,888000000.0,,8433000000.0,,,2000000.0,70000000.0,,305000000.0,,,113000000.0,232000000.0,15707000000.0,5000000.0,515000000.0,73000000.0,442000000.0,21000000.0,671000000.0,281000000.0,20631000000.0,11310000000.0,89000000.0,0.0,,1322000000.0,2350000000.0,19219000000.0,16281000000.0,,4612000000.0,922000000.0,858000000.0,47000000.0,41667000000.0,8000000.0,,23831000000.0,649000000.0,528000000.0,415000000.0,452000000.0,,5000000.0,-38000000.0,,-30000000.0,311000000.0,,1000000.0,135000000.0,,,,92000000.0,,,,,,,,,,,,,,,,,,,,,,,-479000000.0,-3150000000.0,-56000000.0,196000000.0,2620000000.0,-302000000.0,9821000000.0,9715000000.0,-82000000.0,282000000.0,-12096000000.0,-11452000000.0,-191000000.0,-191000000.0,-530000000.0,-3150000000.0,2620000000.0,140000000.0,140000000.0,-56000000.0,196000000.0,12555000000.0,-22000000.0,12344000000.0,12668000000.0,-324000000.0,-34000000.0,0.0,-256000000.0,12000000.0,,-177000000.0,-133000000.0,324000000.0,-567000000.0,575000000.0,-210000000.0,,52000000.0,-69000000.0,112000000.0,,205000000.0,,205000000.0,,-35000000.0,,-7370000000.0,9698000000.0,,,,,,,,,,,-34000000.0,-268000000.0,,,,,,523000000.0,7688000000.0,-7165000000.0,-198000000.0,-75000000.0,,,-94000000.0,,63000000.0,,,,,,,,,,,,,,,,,,,4.854519951571837,4.779175237560615,2.001119384617053,0.8678270042194093,18.043936731107205,1.5712375859434684,0.3145973154362416,1.7570469798657717,0.7266778523489933,0.2284282700421941,0.06612415646279275,-0.038378143972246315,-0.010757262671690774,-0.08036912751677852,1.768690751591113,1.4242572960863413,0.03375034844479141,0.07714627927893025,-28.531001843831373,0.721605674493565,0.055302749182666755,-0.8499768228702139,-0.6650987952712663,-0.3654690138604345,-0.10526555426536462,0.11294757277705311,0.032381679133753824,0.07549359888932253,0.0,0.0,0.0,0.0,0.0,0.0,0.0,0.0,0.0,0.0,0.0,0.0,0.0,0.0,4
2024-03-31,NPN.JO,Tech,Naspers,1058355000.0,0.261,4429000000.0,4055000000.0,3125000000.0,211000000.0,304000000.0,585000000.0,920000000.0,502355000.0,2855000000.0,186567594.0,186345088.0,14.76,15.32,2855000000.0,2855000000.0,0.0,2855000000.0,3710000000.0,6565000000.0,6835000000.0,151000000.0,6986000000.0,-1000000.0,3952000000.0,-4810000000.0,483000000.0,,1000000.0,,2647000000.0,,,,,2647000000.0,,2647000000.0,,,6431000000.0,6431000000.0,,7571000000.0,6613000000.0,,-270000000.0,,304000000.0,585000000.0,,,31000000.0,920000000.0,3353000000.0,3966000000.0,7782000000.0,-562000000.0,-182000000.0,2465000000.0,3966000000.0,,,,,,,,,17679045.0,,886624065.0,904303110.0,14369000000.0,16501000000.0,16443000000.0,34066000000.0,16443000000.0,17872000000.0,,33623000000.0,41282000000.0,23410000000.0,17872000000.0,3405000000.0,564000000.0,41302000000.0,4607000000.0,4000000.0,4000000.0,,20993000000.0,,15990000000.0,1579000000.0,942000000.0,208000000.0,427000000.0,62275000000.0,0.0,,2513000000.0,2465000000.0,48000000.0,,34832000000.0,34789000000.0,,1429000000.0,335000000.0,1094000000.0,764000000.0,-366000000.0,1130000000.0,63000000.0,343000000.0,,,,,,1825000000.0,1186000000.0,,639000000.0,,,2000000.0,43000000.0,,307000000.0,,,79000000.0,239000000.0,15751000000.0,5000000.0,511000000.0,68000000.0,443000000.0,22000000.0,714000000.0,310000000.0,18640000000.0,16815000000.0,52000000.0,,,1638000000.0,1737000000.0,17477000000.0,16188000000.0,,4805000000.0,763000000.0,683000000.0,64000000.0,39993000000.0,25000000.0,,22282000000.0,921000000.0,418000000.0,355000000.0,381000000.0,,0.0,-27000000.0,,-32000000.0,342000000.0,,1000000.0,62000000.0,,,,10000000.0,,,,,,,,,,,,,,,,,,,,,,,936000000.0,-3069000000.0,-122000000.0,134000000.0,2866000000.0,-98000000.0,2228000000.0,9821000000.0,-181000000.0,-7063000000.0,-8239000000.0,-7773000000.0,-199000000.0,-199000000.0,-203000000.0,-3069000000.0,2866000000.0,12000000.0,12000000.0,-122000000.0,134000000.0,142000000.0,-19000000.0,7398000000.0,7449000000.0,-51000000.0,-24000000.0,1000000.0,-62000000.0,11000000.0,,1034000000.0,-144000000.0,859000000.0,-585000000.0,760000000.0,-131000000.0,,-341000000.0,259000000.0,117000000.0,,211000000.0,,211000000.0,,-115000000.0,,-4815000000.0,6986000000.0,,,,,,,,,,,-25000000.0,-73000000.0,,,,,,-7151000000.0,6723000000.0,-13874000000.0,-155000000.0,-3000000.0,,,-349000000.0,,27000000.0,,,,,,,,,,,,,,,,,,,4.637252861602497,4.563371488033298,0.3798126951092612,0.923287824529991,12.941880341880342,2.1204060652788486,0.38329964235733166,1.2100761934380346,0.4439433991603172,0.15974709042076993,0.045845042151746285,0.21519250780437044,0.06266286891703533,0.1455450163271653,-0.5299197316325417,-0.5138184512555135,-1.2310384675521326,0.05546082031058175,-5.102056389226863,0.5491684793353802,0.06870232692109007,-0.5469707864277371,-0.28273445318867607,-0.06868117962142417,-0.020279114311046467,0.25357065177661675,0.07342013158872611,0.2178997567115093,0.0,0.0,0.0,0.0,0.0,0.0,0.0,0.0,0.0,0.0,0.0,0.0,0.0,0.0,5
2025-03-31,NPN.JO,Tech,Naspers,1634172000.0,0.258,6354000000.0,6334000000.0,5370000000.0,191000000.0,380000000.0,586000000.0,930000000.0,690172000.0,5242000000.0,855230735.0,854459615.0,5.954,6.134,5242000000.0,5242000000.0,0.0,5242000000.0,7013000000.0,12255000000.0,12383000000.0,181000000.0,12564000000.0,27000000.0,5995000000.0,-6127000000.0,91000000.0,,21000000.0,,2773000000.0,,,,,2773000000.0,,2773000000.0,,,7181000000.0,7181000000.0,,13150000000.0,7062000000.0,,-128000000.0,,380000000.0,586000000.0,,,-36000000.0,930000000.0,6987000000.0,4289000000.0,13341000000.0,124000000.0,119000000.0,2892000000.0,4289000000.0,,,,,,,,,11375500.0,,811742073.0,823117573.0,9944000000.0,16820000000.0,20565000000.0,38671000000.0,20565000000.0,22185000000.0,,37324000000.0,51211000000.0,29026000000.0,22185000000.0,,517000000.0,43450000000.0,4607000000.0,4000000.0,4000000.0,,22057000000.0,,15399000000.0,2175000000.0,1409000000.0,399000000.0,365000000.0,73268000000.0,14000000.0,,6549000000.0,6474000000.0,75000000.0,,41487000000.0,41464000000.0,,1620000000.0,402000000.0,1218000000.0,724000000.0,-445000000.0,1169000000.0,66000000.0,411000000.0,,,,,,6542000000.0,1263000000.0,,5279000000.0,,,2000000.0,23000000.0,,334000000.0,,,92000000.0,260000000.0,15139000000.0,4000000.0,1421000000.0,74000000.0,1347000000.0,22000000.0,669000000.0,241000000.0,18329000000.0,11787000000.0,61000000.0,,,2100000000.0,,16010000000.0,15609000000.0,,6448000000.0,1065000000.0,584000000.0,63000000.0,50810000000.0,44000000.0,,22458000000.0,698000000.0,768000000.0,321000000.0,340000000.0,,1000000.0,-19000000.0,,-33000000.0,274000000.0,,0.0,53000000.0,,,,23000000.0,,,,,,,,,,,,,,,,,,,,,,,1769000000.0,-3458000000.0,-74000000.0,214000000.0,3587000000.0,-136000000.0,7273000000.0,2228000000.0,-89000000.0,5182000000.0,-8506000000.0,-8454000000.0,-262000000.0,-262000000.0,129000000.0,-3458000000.0,3587000000.0,140000000.0,140000000.0,-74000000.0,214000000.0,11783000000.0,-50000000.0,8872000000.0,9345000000.0,-473000000.0,-22000000.0,1000000.0,-110000000.0,3000000.0,,1905000000.0,-113000000.0,976000000.0,-571000000.0,1003000000.0,6000000.0,,-441000000.0,251000000.0,116000000.0,,191000000.0,,191000000.0,,-337000000.0,,-6129000000.0,12563000000.0,,,,,,,,,,,-23000000.0,-113000000.0,,,,,,3093000000.0,26620000000.0,-23527000000.0,-84000000.0,95000000.0,,,-48000000.0,,-5000000.0,,,,,,,,,,,,,,,,,,,3.482940446650124,3.4331575682382134,1.0145781637717122,0.7581699346405228,22.440273037542664,1.2607750543437524,0.40272942487118785,1.8578192452304694,0.7299818966717727,0.2362857786792878,0.07154555877054103,0.2954404466501241,0.11325802615933413,0.24634452026180198,-1.0876128178910516,-1.0727780581539603,0.6150959899433003,-0.16511788988946818,9.498392695662321,-0.8596310109350962,0.019429782513856186,0.4165664471251641,0.2497899409157419,0.07653868825851787,0.025700516618794744,0.08024793884575365,0.050595157242298794,0.10079950393463669,0.0,0.0,0.0,0.0,0.0,0.0,0.0,0.0,0.0,0.0,0.0,0.0,0.0,0.0,5
2022-02-28,PIK.JO,Retail,Pick n Pay,218322000.0,0.311,702000000.0,702000000.0,1214500000.0,3319300000.0,-1150400000.0,1674900000.0,268900000.0,730822000.0,1214500000.0,566038846.0,563992827.0,2.145634,2.153369,1214500000.0,1214500000.0,0.0,1214500000.0,,1214500000.0,1214500000.0,547000000.0,1761500000.0,1756900000.0,702000000.0,-990000000.0,14400000.0,273600000.0,,,18014700000.0,4535100000.0,,,,2981200000.0,,2981200000.0,,2662100000.0,97872800000.0,97872800000.0,,3436400000.0,97491400000.0,,,,-1150400000.0,1674900000.0,,2662100000.0,-255600000.0,268900000.0,6053700000.0,79476700000.0,6755700000.0,,381400000.0,18396100000.0,79476700000.0,,,,,,,,,15558737.0,,564976626.0,580535363.0,377800000.0,22891000000.0,2728600000.0,10518800000.0,2728600000.0,3715700000.0,,3715700000.0,3715700000.0,,3715700000.0,,702100000.0,4717300000.0,,6000000.0,6000000.0,,36628800000.0,,13656500000.0,13256200000.0,,279800000.0,12976400000.0,40344500000.0,122000000.0,,47400000.0,,47400000.0,,106000000.0,106000000.0,,987100000.0,362400000.0,624700000.0,16747300000.0,-5301700000.0,22049000000.0,2399200000.0,8605500000.0,11044300000.0,,,,,6425300000.0,,,,,,,,,16087900000.0,,,0.0,13656500000.0,,,9234500000.0,2431400000.0,6803100000.0,822500000.0,0.0,4207600000.0,6425300000.0,,,,,,,-3721500000.0,13656500000.0,,22972300000.0,,,88800000.0,21093700000.0,,,19250800000.0,,,8277300000.0,8451800000.0,21500000.0,0.0,-255700000.0,81200000.0,,,,,,,,,,,,,,,,,,,,,,,,,,,,,,,,1091200000.0,-114200000.0,-5348500000.0,6020400000.0,,-2078200000.0,3625300000.0,3463700000.0,900000.0,160700000.0,-1502100000.0,,,,-114200000.0,-114200000.0,,671900000.0,671900000.0,-5348500000.0,6020400000.0,-1506600000.0,514100000.0,-55700000.0,,-55700000.0,-84100000.0,4000000.0,-1854200000.0,135900000.0,,3169400000.0,-403900000.0,503800000.0,-1705400000.0,20100000.0,-563600000.0,,-39300000.0,149000000.0,,,3319300000.0,123400000.0,3195900000.0,-4000000.0,,,,2886500000.0,,,,,,,,,,,-88100000.0,-1990100000.0,,,,,,,,,898200000.0,-387600000.0,-33500000.0,-959600000.0,,,-1074200000.0,671900000.0,-5348500000.0,6020400000.0,,,,,,,,,,,,,,,,0.8380005484866556,0.47768399333109873,0.27969772290976525,6.1606157655354306,2.051704579377873,3.388397945438667,0.18795926958256023,0.06902530631595295,0.012408963470954137,0.32685631240412305,0.0301032358809751,0.13796615924395902,0.13845616181031847,0.011149165038703297,0.0,0.0,0.0,0.0,0.0,0.0,0.0,0.0,0.0,0.0,0.0,0.0,0.0,0.0,0.0,0.0,0.0,0.0,0.0,0.0,0.0,0.0,0.0,0.0,0.0,0.0,0.0,0.0,2
2023-02-28,PIK.JO,Retail,Pick n Pay,52951500.0,0.315,168100000.0,168100000.0,1169900000.0,3565300000.0,-1322800000.0,1773900000.0,196500000.0,1054751500.0,1169900000.0,567469213.0,565537312.0,2.06157,2.068625,1169900000.0,1169900000.0,0.0,1169900000.0,,1169900000.0,1169900000.0,537700000.0,1707600000.0,2004600000.0,168100000.0,-240600000.0,5700000.0,66800000.0,,,20153900000.0,5583200000.0,,,,3168600000.0,,3168600000.0,,3054200000.0,106561800000.0,106561800000.0,,3481500000.0,105779100000.0,,,,-1322800000.0,1773900000.0,,3054200000.0,-254600000.0,196500000.0,6878700000.0,85625200000.0,7046800000.0,,782700000.0,20936600000.0,85625200000.0,,,,,,,,,14564963.0,,565970400.0,580535363.0,3671000000.0,23435000000.0,2279000000.0,9372000000.0,2279000000.0,3703000000.0,,3703000000.0,3703000000.0,0.0,3703000000.0,,644000000.0,4686000000.0,,6000000.0,6000000.0,,38994000000.0,,15295000000.0,15101000000.0,,270000000.0,14831000000.0,42697000000.0,69000000.0,,71000000.0,,71000000.0,,72000000.0,72000000.0,,1424000000.0,471600000.0,952800000.0,20242000000.0,-5283300000.0,20242000000.0,20242000000.0,10109200000.0,12482100000.0,,,,,1998000000.0,,,,,,,,,17766000000.0,,,,15295000000.0,0.0,,8140000000.0,2471000000.0,5669000000.0,734000000.0,0.0,4642000000.0,1998000000.0,,,,,,,-6034000000.0,15295000000.0,,23699000000.0,,,80000000.0,25032000000.0,,,17665000000.0,,,10647000000.0,10797600000.0,23000000.0,22000000.0,-244600000.0,94000000.0,,,,,,,,,,,,,,,,,,,,,,,,,,,,,,,,-916300000.0,-90100000.0,-7938500000.0,6804800000.0,,-3633400000.0,-802200000.0,3625300000.0,12200000.0,-4439700000.0,-3632600000.0,,,,-90100000.0,-90100000.0,,-1133700000.0,-1133700000.0,-7938500000.0,6804800000.0,-3524200000.0,402500000.0,-329700000.0,,-329700000.0,-205800000.0,25700000.0,-3359300000.0,42600000.0,,2717100000.0,-458400000.0,443600000.0,-1877400000.0,16000000.0,-968200000.0,,-29900000.0,59400000.0,,,3565300000.0,96600000.0,3468700000.0,51800000.0,,,,3048000000.0,,,,,,,,,,,-231500000.0,-3401900000.0,,,,,,,,,1668900000.0,-298900000.0,-20300000.0,-1112800000.0,,,-2338200000.0,-1133700000.0,-7938500000.0,6804800000.0,,,,,,,,,,,,,,,,0.7730653313225766,0.30258370084188563,0.10862312430746117,6.229510803691288,1.9626247251818028,3.3256229778055286,0.1964737832881952,0.06612876283996705,0.010978605841868288,0.3159330272751823,0.02740005152586833,0.1146504071901768,0.11594196714316193,-0.008598766161982999,-0.09261044763851856,-0.18155335490753655,-0.1953903681690589,0.16803667842892267,-0.08907985419607045,-0.06277496763313817,0.008514513705634968,-0.002896543475985905,-0.0014303576290858495,-0.010923285128940752,-0.002703184355106771,-0.023315752053782224,-0.02251419466715654,-0.019747931200686297,0.0,0.0,0.0,0.0,0.0,0.0,0.0,0.0,0.0,0.0,0.0,0.0,0.0,0.0,2
2024-02-29,PIK.JO,Retail,Pick n Pay,-659640000.0,0.23,-2868000000.0,-2868000000.0,-3301000000.0,4023000000.0,-2038000000.0,2467000000.0,134000000.0,-1092640000.0,-3301000000.0,568778000.0,567331000.0,-5.8185,-5.8185,-3301000000.0,-3301000000.0,0.0,-3301000000.0,0.0,-3301000000.0,-3301000000.0,-988000000.0,-4289000000.0,2643000000.0,-2868000000.0,-369000000.0,254000000.0,2983000000.0,,,22518000000.0,6752000000.0,,,,3358000000.0,,3358000000.0,,3408000000.0,112295000000.0,112295000000.0,,-1822000000.0,114533000000.0,,,,-2038000000.0,2467000000.0,,3408000000.0,-295000000.0,134000000.0,5069000000.0,92015000000.0,2201000000.0,,-2238000000.0,20280000000.0,92015000000.0,,,,,,,,,12701353.0,,567834010.0,580535363.0,6062000000.0,31151000000.0,-1369000000.0,11152000000.0,-1369000000.0,-293000000.0,,4207000000.0,-293000000.0,0.0,-293000000.0,,557000000.0,646000000.0,,6000000.0,6000000.0,,47203000000.0,,21368000000.0,15627000000.0,,273000000.0,15354000000.0,46910000000.0,51000000.0,,61000000.0,,61000000.0,,0.0,0.0,,1076000000.0,570000000.0,506000000.0,20899000000.0,-6010000000.0,26909000000.0,2731000000.0,11134000000.0,13044000000.0,,,,,5383000000.0,,,,,,,,,19706000000.0,,,,16868000000.0,4500000000.0,,9783000000.0,2838000000.0,6945000000.0,2165000000.0,0.0,4425000000.0,5383000000.0,,,,,,,-5366000000.0,21368000000.0,,25835000000.0,,,102000000.0,26441000000.0,,,20469000000.0,,,10187000000.0,10511000000.0,24000000.0,2000000.0,-431000000.0,107000000.0,,,,,,,,,,,,,,,,,,,,,,,,,,,,,,,,-963000000.0,0.0,-12210000000.0,15607000000.0,0.0,-3444000000.0,204000000.0,-802000000.0,-3000000.0,1009000000.0,877000000.0,,,,0.0,0.0,0.0,3397000000.0,3397000000.0,-12210000000.0,15607000000.0,-2349000000.0,403000000.0,-308000000.0,,-308000000.0,-247000000.0,22000000.0,-2145000000.0,1030000000.0,,2481000000.0,-454000000.0,428000000.0,-2358000000.0,32000000.0,1088000000.0,,-53000000.0,-2000000.0,,,4023000000.0,112000000.0,3911000000.0,69000000.0,-25000000.0,,,405000000.0,,,,,,,,,,,-269000000.0,-3175000000.0,,,,,,,,,290000000.0,303000000.0,15000000.0,-687000000.0,,,495000000.0,,,,,,,,,,,,,,,,,,,0.7922972711437972,0.39798722663054,0.20836075091929554,-43.58392772516732,-0.7385488447507094,12.476005824568722,0.18059575225967317,0.019600160292087804,-0.02939578788013714,4.969546155181695,-0.07036879130249414,0.09603251403135282,0.07964431318416744,-0.008575626697537735,0.04690717029566016,0.1018565882069778,0.12405339617858918,-46.94354426651179,-2.701173569932512,10.827489243911874,-0.015878031028522033,-0.046528602547879244,-0.04037439372200543,4.6984574664615195,-0.09776884282836247,-0.018617893158823978,-0.036297653958994494,2.3139464445263644e-05,0.0,0.0,0.0,0.0,0.0,0.0,0.0,0.0,0.0,0.0,0.0,0.0,0.0,0.0,1
2025-02-28,PIK.JO,Retail,Pick n Pay,-104760000.0,0.27,-388000000.0,-388000000.0,-736000000.0,3816000000.0,-1996000000.0,2561000000.0,271000000.0,-452760000.0,-736000000.0,663018000.0,663018000.0,-1.1101,-1.1101,-736000000.0,-736000000.0,0.0,-736000000.0,-85000000.0,-651000000.0,-651000000.0,26000000.0,-625000000.0,2949000000.0,-388000000.0,94000000.0,0.0,294000000.0,,,22954000000.0,6421000000.0,,,,3557000000.0,,3557000000.0,,3460000000.0,118610000000.0,118610000000.0,,1936000000.0,119800000000.0,,,,-1996000000.0,2561000000.0,,3460000000.0,-294000000.0,271000000.0,6140000000.0,96846000000.0,5752000000.0,,-1190000000.0,21764000000.0,96846000000.0,,,,,,,,,9945786.0,,735711344.0,745657130.0,,20270000000.0,9230000000.0,11447000000.0,9230000000.0,10297000000.0,,11147000000.0,10965000000.0,668000000.0,10297000000.0,,496000000.0,7301000000.0,,3883000000.0,3883000000.0,,35842000000.0,,17229000000.0,15176000000.0,,140000000.0,15036000000.0,46807000000.0,60000000.0,,72000000.0,,72000000.0,,0.0,0.0,,1067000000.0,569000000.0,498000000.0,19723000000.0,-6741000000.0,26464000000.0,2327000000.0,11724000000.0,12413000000.0,,,,,5328000000.0,,,,,,,,,19120000000.0,,,,16379000000.0,850000000.0,,3041000000.0,2741000000.0,300000000.0,2749000000.0,0.0,4366000000.0,5328000000.0,,,,,13000000.0,,2105000000.0,17229000000.0,,18613000000.0,,,96000000.0,26089000000.0,,,20718000000.0,,,10598000000.0,10925000000.0,24000000.0,1000000.0,-421000000.0,94000000.0,,,,,,,,,,,,,,,,,,,,,,,,,,,,,,,,465000000.0,,-8651000000.0,3235000000.0,11839000000.0,-1677000000.0,5028000000.0,204000000.0,1000000.0,4823000000.0,3744000000.0,,,,11839000000.0,,11839000000.0,-5416000000.0,-5416000000.0,-8651000000.0,3235000000.0,-1063000000.0,493000000.0,-48000000.0,,-48000000.0,-151000000.0,13000000.0,-1371000000.0,142000000.0,,2142000000.0,-744000000.0,560000000.0,-2581000000.0,0.0,-583000000.0,,35000000.0,71000000.0,,,3816000000.0,127000000.0,3689000000.0,-6000000.0,,,,1759000000.0,,,,,,,,,,,-164000000.0,-1513000000.0,,,,,,,,,-229000000.0,32000000.0,-7000000.0,0.0,,,-386000000.0,,,,,,,,,,,,,,,,,,,1.113092999516467,0.5437060119271477,0.28625154461935204,1.968534524618821,0.7559547051932839,3.523991655076495,0.18349211702217352,0.04849506786948824,-0.006205210353258579,-0.07147712926094979,-0.015724143824641615,0.11508085746521249,0.10567340897878638,0.003920411432425597,0.3207957283726697,0.14571878529660776,0.0778907937000565,44.54235183701797,1.4945035499439934,-10.629120566640907,0.002896364762500353,0.028894907577400437,0.023190577526878562,-4.864079098853828,0.054644647477852526,0.019048343433859666,0.026029095794618942,0.012496038129963333,0.0,0.0,0.0,0.0,0.0,0.0,0.0,0.0,0.0,0.0,0.0,0.0,0.0,0.0,1
2022-06-30,REM.JO,Holdings,Remgro,45474000.0,0.286,159000000.0,159000000.0,10987000000.0,2401000000.0,-887000000.0,887000000.0,537000000.0,10873474000.0,13139000000.0,567173575.0,564417614.0,23.13,23.28,13139000000.0,13139000000.0,0.0,13139000000.0,-1840000000.0,14979000000.0,12827000000.0,757000000.0,2798000000.0,,159000000.0,,-168000000.0,9000000.0,0.0,,9430000000.0,7664000000.0,944000000.0,,944000000.0,,,,,,43293000000.0,43293000000.0,,3685000000.0,39767000000.0,,2152000000.0,,-887000000.0,887000000.0,,616000000.0,,537000000.0,5927000000.0,30337000000.0,6086000000.0,,3526000000.0,12956000000.0,30337000000.0,,,,,,,,,3280163.0,,564993831.0,568273994.0,2490000000.0,15564000000.0,78168000000.0,112817000000.0,78168000000.0,98443000000.0,,110136000000.0,115880000000.0,17437000000.0,98443000000.0,,685000000.0,77059000000.0,,13416000000.0,13416000000.0,,40818000000.0,51000000.0,12652000000.0,11899000000.0,,3284000000.0,8615000000.0,156698000000.0,709000000.0,,20892000000.0,20650000000.0,242000000.0,,50771000000.0,43317000000.0,137000000.0,20275000000.0,12305000000.0,7970000000.0,17831000000.0,-15330000000.0,33161000000.0,414000000.0,22401000000.0,,,337000000.0,,275000000.0,11884000000.0,11884000000.0,,,,,,7454000000.0,,1190000000.0,,,8276000000.0,959000000.0,11693000000.0,,2912000000.0,231000000.0,2681000000.0,219000000.0,10346000000.0,9802000000.0,17662000000.0,5778000000.0,149000000.0,,,1602000000.0,,26019000000.0,21128000000.0,,19690000000.0,,,,110989000000.0,,,45709000000.0,1231000000.0,,14800000000.0,5498000000.0,,,,2341000000.0,-251000000.0,10053000000.0,1232000000.0,5729000000.0,,,,,,,,,,,,,,,,,,,,,,,,,,,,3813000000.0,-137000000.0,-1618000000.0,406000000.0,,-3272000000.0,11505000000.0,8601000000.0,353000000.0,2551000000.0,-1862000000.0,-39000000.0,,,-137000000.0,-137000000.0,,-1212000000.0,-1212000000.0,-1618000000.0,406000000.0,-2672000000.0,13000000.0,-84000000.0,0.0,-84000000.0,,,-3010000000.0,262000000.0,,7085000000.0,-1430000000.0,535000000.0,-1185000000.0,2223000000.0,-285000000.0,,-48000000.0,263000000.0,,,2401000000.0,,2401000000.0,367000000.0,58000000.0,-60000000.0,,5060000000.0,,,,,,,,,,,,-3272000000.0,,,,,,409000000.0,3536000000.0,-3127000000.0,2854000000.0,-1910000000.0,,-721000000.0,,,-1229000000.0,,,,,,,,,,,,,,,,,,,2.32143219908583,1.5697816150330117,0.6035551041137633,0.15810164257489107,4.15445321307779,2.5573447255997372,0.29926316032614975,0.14057699859099623,0.3034901716212783,0.13346809829038123,0.08384918760928665,0.35982732351447433,0.4552171678231817,0.08807428452636686,0.0,0.0,0.0,0.0,0.0,0.0,0.0,0.0,0.0,0.0,0.0,0.0,0.0,0.0,0.0,0.0,0.0,0.0,0.0,0.0,0.0,0.0,0.0,0.0,0.0,0.0,0.0,0.0,5
2023-06-30,REM.JO,Holdings,Remgro,-117700000.0,0.214,-550000000.0,-550000000.0,4507000000.0,2313000000.0,-1002000000.0,1002000000.0,,4939300000.0,9624000000.0,565921560.0,562745046.0,16.96,17.1,9624000000.0,9624000000.0,0.0,9624000000.0,-1196000000.0,10820000000.0,5703000000.0,832000000.0,3239000000.0,,-550000000.0,,53000000.0,497000000.0,,,10246000000.0,8805000000.0,1032000000.0,,1032000000.0,,,,,,50626000000.0,50626000000.0,,4241000000.0,45835000000.0,,5117000000.0,,-1002000000.0,1002000000.0,,,,,7104000000.0,35589000000.0,6554000000.0,,4791000000.0,15037000000.0,35589000000.0,,,,,,,,,9646270.0,,558627724.0,568273994.0,6188000000.0,12954000000.0,104602000000.0,127502000000.0,104602000000.0,115267000000.0,,121071000000.0,121788000000.0,6521000000.0,115267000000.0,,1438000000.0,83134000000.0,,13416000000.0,13416000000.0,,28524000000.0,92000000.0,6327000000.0,6107000000.0,,127000000.0,5980000000.0,150312000000.0,351000000.0,,22714000000.0,22564000000.0,150000000.0,,75792000000.0,27973000000.0,473000000.0,10665000000.0,3581000000.0,7084000000.0,9757000000.0,-10460000000.0,20217000000.0,411000000.0,13703000000.0,,,232000000.0,,47000000.0,6047000000.0,6047000000.0,,,,,,48472000000.0,,719000000.0,,,5298000000.0,523000000.0,5804000000.0,,6627000000.0,196000000.0,6431000000.0,176000000.0,6103000000.0,3818000000.0,10658000000.0,4611000000.0,70000000.0,,,35000000.0,,13614000000.0,11787000000.0,,16737000000.0,,,,119961000000.0,,,30351000000.0,6644000000.0,,9149000000.0,3251000000.0,,,,1908000000.0,-57000000.0,2845000000.0,1317000000.0,2673000000.0,,,,,,,,,,,,,,,,,,,,,,,,,,,,-1861000000.0,-830000000.0,-1899000000.0,254000000.0,,-3266000000.0,5189000000.0,11505000000.0,405000000.0,-6721000000.0,-2675000000.0,102000000.0,,,-830000000.0,-830000000.0,,-1645000000.0,-1645000000.0,-1899000000.0,254000000.0,-5451000000.0,973000000.0,1826000000.0,2041000000.0,-215000000.0,,,-3009000000.0,257000000.0,,1405000000.0,-2051000000.0,1124000000.0,-1309000000.0,2648000000.0,-4044000000.0,,-11000000.0,577000000.0,,,2313000000.0,,2313000000.0,255000000.0,-597000000.0,11000000.0,,4279000000.0,,,,,,,,,,,,-3266000000.0,,,,,,-5241000000.0,2005000000.0,-7246000000.0,1248000000.0,-2795000000.0,,-1075000000.0,,,-2497000000.0,,,,,,,,,,,,,,,,,,,1.8134074206847106,1.2667742128218915,0.36129533369182054,0.11238255528468685,4.23253493013972,1.9765028989929814,0.29702129340655,0.12945917117686565,0.19009994864298976,0.08349310730738199,0.06402682420565224,0.08394574893947541,0.10846070711749267,-0.03675976770829218,-0.5080247784011196,-0.3030074022111202,-0.2422597704219428,-0.04571908729020421,0.0780817170619299,-0.5808418266067559,-0.0022418669195997665,-0.011117827414130588,-0.11339022297828852,-0.049974990982999234,-0.019822363403634413,-0.2758815745749989,-0.34675646070568905,-0.12483405223465904,0.0,0.0,0.0,0.0,0.0,0.0,0.0,0.0,0.0,0.0,0.0,0.0,0.0,0.0,5
2024-06-30,REM.JO,Holdings,Remgro,0.0,0.27,-4328000000.0,-4328000000.0,147000000.0,1126000000.0,-933000000.0,933000000.0,,147000000.0,1241000000.0,569266055.0,554726814.0,2.18,2.24,1241000000.0,1241000000.0,0.0,1241000000.0,-1135000000.0,2376000000.0,1282000000.0,948000000.0,-569000000.0,,-4328000000.0,,4246000000.0,82000000.0,,,14169000000.0,13054000000.0,1126000000.0,,1126000000.0,,,,,,52436000000.0,52436000000.0,,364000000.0,52072000000.0,,1094000000.0,,-933000000.0,933000000.0,,,,,1490000000.0,37903000000.0,1490000000.0,,364000000.0,14533000000.0,37903000000.0,,,,,,,,,13350149.0,,554923845.0,568273994.0,,6623000000.0,101490000000.0,118014000000.0,101490000000.0,112117000000.0,,113538000000.0,119164000000.0,7047000000.0,112117000000.0,,1987000000.0,82579000000.0,,13416000000.0,13416000000.0,,20014000000.0,0.0,1952000000.0,3853000000.0,,270000000.0,3583000000.0,139178000000.0,386000000.0,,20047000000.0,19933000000.0,114000000.0,,70038000000.0,22671000000.0,494000000.0,10627000000.0,3554000000.0,7073000000.0,10558000000.0,-10973000000.0,21531000000.0,438000000.0,14576000000.0,,,330000000.0,,163000000.0,6789000000.0,6789000000.0,,,,,,47367000000.0,,726000000.0,,,4903000000.0,531000000.0,1421000000.0,,4671000000.0,195000000.0,4476000000.0,194000000.0,6517000000.0,6539000000.0,9510000000.0,2721000000.0,51000000.0,,,455000000.0,,13831000000.0,7030000000.0,124000000.0,12984000000.0,,,,112363000000.0,,,26815000000.0,1000000.0,,9817000000.0,3192000000.0,,,,2156000000.0,-47000000.0,6586000000.0,1320000000.0,3149000000.0,,,,,,,,,,,,,,,,,,,,,,,,,,,,1187000000.0,-726000000.0,-5728000000.0,253000000.0,,-1948000000.0,6704000000.0,5189000000.0,-111000000.0,1626000000.0,-6610000000.0,-220000000.0,,,-726000000.0,-726000000.0,,-5475000000.0,-5475000000.0,-5728000000.0,253000000.0,5101000000.0,1218000000.0,1000000000.0,1000000000.0,0.0,,,-1738000000.0,210000000.0,,3135000000.0,-1498000000.0,740000000.0,-968000000.0,2873000000.0,-376000000.0,,-31000000.0,171000000.0,,,1189000000.0,,1126000000.0,-1000000.0,91000000.0,-135000000.0,,2717000000.0,,,,,,,,,,,,-1948000000.0,,,,,,4621000000.0,4880000000.0,-259000000.0,1641000000.0,-1298000000.0,,-1637000000.0,,,-719000000.0,,,,,,,,,,,,,,,,,,,2.0652341343191623,1.3091497227356748,0.5228743068391867,0.05907221919958615,0.39013933547695606,4.44496644295302,0.2771569150964986,0.028415592341139675,0.023666946372721032,0.011068794206052605,0.008916639123999483,0.24145101663585952,0.4733504454174845,0.022637119536196505,0.25182671363445164,0.04237550991378325,0.16157897314736613,-0.053310336085100704,-3.842395594662764,2.4684635439600386,-0.01986437831005139,-0.10104357883572597,-0.16643300227026872,-0.07242431310132938,-0.05511018508165276,0.15750526769638412,0.36488973829999183,0.05939688724448869,0.0,0.0,0.0,0.0,0.0,0.0,0.0,0.0,0.0,0.0,0.0,0.0,0.0,0.0,1
2025-06-30,REM.JO,Holdings,Remgro,0.0,0.37886,,,3303000000.0,1292000000.0,-503000000.0,503000000.0,,3303000000.0,3303000000.0,563651877.0,555469095.0,5.86,5.95,3303000000.0,3303000000.0,0.0,3303000000.0,117000000.0,3186000000.0,3186000000.0,957000000.0,2526000000.0,,,,,,,,11048000000.0,9759000000.0,1292000000.0,,1292000000.0,,,,,,52989000000.0,52989000000.0,,3029000000.0,49960000000.0,,0.0,,-503000000.0,503000000.0,,,,,4321000000.0,38912000000.0,4321000000.0,,3029000000.0,14077000000.0,38912000000.0,,,,,,,,,12409667.0,,555864327.0,568273994.0,,4828000000.0,107138000000.0,120937000000.0,107138000000.0,117039000000.0,,120811000000.0,123879000000.0,6840000000.0,117039000000.0,,1821000000.0,86034000000.0,,13416000000.0,13416000000.0,,18295000000.0,0.0,4482000000.0,7511000000.0,,26000000.0,7485000000.0,142174000000.0,434000000.0,,22430000000.0,22316000000.0,114000000.0,,67132000000.0,,504000000.0,9901000000.0,,,11566000000.0,,,,,,,,,60000000.0,8855000000.0,,,,,,,,,930000000.0,,,5599000000.0,710000000.0,3772000000.0,,346000000.0,220000000.0,126000000.0,277000000.0,,6387000000.0,12253000000.0,3398000000.0,52000000.0,,,4000000.0,,22035000000.0,10419000000.0,286000000.0,7876000000.0,,,,112263000000.0,,,29911000000.0,473000000.0,,10734000000.0,,,,,,,,,,,,,,,,,,,,,,,,,,,,,,,,,,,,,3005000000.0,0.0,-2753000000.0,805000000.0,,-1972000000.0,8822000000.0,6704000000.0,-75000000.0,2193000000.0,-2189000000.0,98000000.0,,,0.0,0.0,,-1948000000.0,-1948000000.0,-2753000000.0,805000000.0,-595000000.0,,-100000000.0,0.0,-100000000.0,,,-1884000000.0,88000000.0,,4977000000.0,-1355000000.0,831000000.0,-410000000.0,3217000000.0,,,,,,,,,,,,,,,,,,,,,,,,,,-1972000000.0,,,,,,1389000000.0,2839000000.0,-1450000000.0,,,,-1883000000.0,,,,,,,,,,,,,,,,,,,,,,3.797739969527679,2.434865413915693,1.1243016759776536,0.041251206862669705,6.021868787276342,1.1173339504744273,0.26565891033988187,0.0815452263677367,0.06233369189831852,0.028221362110065876,0.023232095882510163,0.6319197562214321,1.0308616404308202,0.056709883183302195,1.7325058352085168,1.1257156911800184,0.601427369138467,-0.017821012336916443,5.631729451799386,-3.3276324924785925,-0.01149800475661672,0.053129634026597025,0.038666745525597485,0.01715256790401327,0.01431545675851068,0.3904687395855726,0.5575111950133357,0.034072763647105694,0.0,0.0,0.0,0.0,0.0,0.0,0.0,0.0,0.0,0.0,0.0,0.0,0.0,0.0,5
2022-06-30,SHP.JO,Retail,Shoprite,7344000.0,0.306,24000000.0,24000000.0,5750000000.0,6152000000.0,-2179000000.0,2993000000.0,814000000.0,5733344000.0,5711000000.0,548503000.0,544910000.0,10.415,10.483,5711000000.0,5711000000.0,0.0,5711000000.0,-29000000.0,5740000000.0,5779000000.0,2553000000.0,8332000000.0,437000000.0,24000000.0,-366000000.0,196000000.0,146000000.0,,,35064000000.0,14761000000.0,5384000000.0,456000000.0,4928000000.0,4020000000.0,3234000000.0,786000000.0,,732000000.0,183868000000.0,183868000000.0,,11325000000.0,173910000000.0,,-39000000.0,,-2179000000.0,2993000000.0,,732000000.0,,814000000.0,17453000000.0,138846000000.0,17477000000.0,11055000000.0,9958000000.0,45022000000.0,138846000000.0,,,,,,,,,48825455.0,,542513047.0,591338502.0,,42133000000.0,21923000000.0,35994000000.0,21923000000.0,25484000000.0,,29984000000.0,25627000000.0,143000000.0,25484000000.0,442000000.0,2583000000.0,26114000000.0,,7516000000.0,7516000000.0,,65828000000.0,,32958000000.0,20078000000.0,4751000000.0,1123000000.0,14204000000.0,91455000000.0,,,1051000000.0,,0.0,,2240000000.0,2059000000.0,,3561000000.0,3285000000.0,276000000.0,40541000000.0,-12479000000.0,53020000000.0,937000000.0,19301000000.0,31242000000.0,1540000000.0,,,769000000.0,10665000000.0,,,,,,,181000000.0,,31623000000.0,,,8000000.0,28458000000.0,4500000000.0,374000000.0,9175000000.0,3165000000.0,6010000000.0,2520000000.0,0.0,4988000000.0,11108000000.0,443000000.0,,,,509000000.0,,7185000000.0,33340000000.0,,32488000000.0,,2005000000.0,239000000.0,51782000000.0,131000000.0,1051000000.0,39673000000.0,120000000.0,300000000.0,21879000000.0,21879000000.0,,,,,,,,,,,,,,,,,,,,,,,,,,,,,,,,,,,,1305000000.0,-1255000000.0,-3421000000.0,3556000000.0,65000000.0,-5381000000.0,5967000000.0,6729000000.0,629000000.0,-1391000000.0,-4016000000.0,,,,-1190000000.0,-1255000000.0,65000000.0,135000000.0,135000000.0,-3421000000.0,3556000000.0,-4061000000.0,626000000.0,-199000000.0,23000000.0,-199000000.0,-250000000.0,,-4798000000.0,333000000.0,,6686000000.0,-2968000000.0,794000000.0,-3034000000.0,313000000.0,-1761000000.0,116000000.0,-677000000.0,260000000.0,-12000000.0,,6152000000.0,456000000.0,5696000000.0,,-813000000.0,460000000.0,47000000.0,11029000000.0,,,,,,,,,,,-250000000.0,-5131000000.0,,,,,,601000000.0,639000000.0,-38000000.0,1615000000.0,-665000000.0,274000000.0,-3228000000.0,,,-2827000000.0,,,,,,,,,,,,,,,,,,,1.2211585816301405,0.5477099236641222,0.3282750554050726,1.6533118819651547,3.783828934179753,2.4107684385191965,0.24486044336154197,0.0950518850479692,0.03106032588596167,0.22410139695495213,0.062446011699743044,0.20579906426988426,0.15868796430351506,0.007097482976918224,0.0,0.0,0.0,0.0,0.0,0.0,0.0,0.0,0.0,0.0,0.0,0.0,0.0,0.0,0.7070969018245433,0.7070761120995365,-0.7070845326226842,-0.7071058325284282,-0.7071060655559902,-0.707105180049655,-0.7070977289351097,-0.7070915463939905,-0.7070679890110461,-0.7070958401425004,-0.7068437087409833,-0.7071029308979166,-0.7070873903175258,-0.7070918555842202,4
2023-06-30,SHP.JO,Retail,Shoprite,9240000.0,0.308,30000000.0,30000000.0,6305000000.0,7142000000.0,-2514000000.0,3668000000.0,1154000000.0,6284240000.0,5886000000.0,546082000.0,542882000.0,10.779,10.843,5886000000.0,5886000000.0,0.0,5886000000.0,-15000000.0,5901000000.0,6320000000.0,2812000000.0,9132000000.0,468000000.0,28000000.0,-500000000.0,264000000.0,208000000.0,,,41272000000.0,18381000000.0,6305000000.0,520000000.0,5785000000.0,4680000000.0,3724000000.0,956000000.0,,787000000.0,214956000000.0,214956000000.0,,12800000000.0,204522000000.0,,-419000000.0,,-2514000000.0,3668000000.0,,787000000.0,,1154000000.0,19912000000.0,163250000000.0,19942000000.0,12347000000.0,10434000000.0,51706000000.0,163250000000.0,,,,,,,,,48275448.0,,543063054.0,591338502.0,424000000.0,48554000000.0,21905000000.0,39102000000.0,21905000000.0,26130000000.0,,31900000000.0,26278000000.0,148000000.0,26130000000.0,456000000.0,2624000000.0,28636000000.0,,7516000000.0,7516000000.0,,76172000000.0,,38252000000.0,23521000000.0,5372000000.0,1294000000.0,16855000000.0,102450000000.0,,,738000000.0,,22000000.0,,2312000000.0,2123000000.0,0.0,4225000000.0,3935000000.0,290000000.0,43382000000.0,-11726000000.0,55108000000.0,1080000000.0,21550000000.0,31431000000.0,1047000000.0,,,441000000.0,12548000000.0,,,,,,,189000000.0,,35582000000.0,,,10000000.0,32482000000.0,5770000000.0,400000000.0,10302000000.0,3100000000.0,7202000000.0,2875000000.0,0.0,5697000000.0,13352000000.0,804000000.0,,,,1346000000.0,,10524000000.0,38731000000.0,69000000.0,37441000000.0,,2307000000.0,288000000.0,54485000000.0,128000000.0,716000000.0,47965000000.0,1389000000.0,650000000.0,25090000000.0,25090000000.0,,,,,,,,,,,,,,,,,,,,,,,,,,,,,,,,,,,,3122000000.0,-318000000.0,-1467000000.0,2165000000.0,47000000.0,-6709000000.0,6302000000.0,5967000000.0,-412000000.0,747000000.0,-2855000000.0,,,,-271000000.0,-318000000.0,47000000.0,698000000.0,698000000.0,-1467000000.0,2165000000.0,-6229000000.0,49000000.0,-659000000.0,0.0,-659000000.0,-20000000.0,,-5644000000.0,1045000000.0,,9831000000.0,-2714000000.0,1080000000.0,-3664000000.0,262000000.0,-175000000.0,33000000.0,7000000.0,229000000.0,65000000.0,,7142000000.0,520000000.0,6622000000.0,,-1135000000.0,160000000.0,0.0,11921000000.0,,,,,,,,,,,-20000000.0,-6689000000.0,,,,,,-35000000.0,664000000.0,-699000000.0,3538000000.0,-687000000.0,-80000000.0,-3370000000.0,,,-3059000000.0,,,,,,,,,,,,,,,,,,,1.2810822360513876,0.610961245693224,0.3351406212440907,1.8581706850363566,3.489640130861505,2.434760806338381,0.24054225050708053,0.09277247436684717,0.027382348015407804,0.22525832376578644,0.05745241581259151,0.2625731150343207,0.20247559418379535,0.014523902566106552,0.05992365442124714,0.06325132202910178,0.006865565839018095,0.20485880307120197,-0.29418880331824804,0.02399236781918468,-0.0043181928544614445,-0.0022794106811220294,-0.003677977870553864,0.001156926810834319,-0.004993595887151536,0.05677405076443642,0.04378762988028029,0.007426419589188328,0.7071028852777175,0.7071006024458112,0.7070841380176242,0.7071044907916084,-0.7071059685635152,0.7071055467646558,-0.7070991283835224,-0.7070877025987887,-0.7070834340968971,-0.7071017279707991,-0.7070928727255598,-0.7071003524861489,-0.7070966865837165,-0.7070619933339065,4
2024-06-30,SHP.JO,Retail,Shoprite,-112582000.0,0.311,-362000000.0,-362000000.0,6248000000.0,8120000000.0,-3323000000.0,4153000000.0,830000000.0,6497418000.0,6248000000.0,546172000.0,543866000.0,1143.7,1148.6,6248000000.0,6248000000.0,0.0,6248000000.0,27000000.0,6221000000.0,6221000000.0,2805000000.0,9026000000.0,455000000.0,-363000000.0,-29000000.0,193000000.0,199000000.0,,,43862000000.0,19167000000.0,6845000000.0,592000000.0,6253000000.0,4617000000.0,3889000000.0,728000000.0,,803000000.0,232088000000.0,232088000000.0,,13179000000.0,220411000000.0,,0.0,,-3323000000.0,4153000000.0,,803000000.0,,830000000.0,21661000000.0,176549000000.0,21299000000.0,12662000000.0,11677000000.0,55539000000.0,176549000000.0,,,,,,,,,47489379.0,,543849123.0,591338502.0,,49365000000.0,23096000000.0,36679000000.0,23096000000.0,27791000000.0,,33579000000.0,27724000000.0,-67000000.0,27791000000.0,441000000.0,2616000000.0,31172000000.0,,7516000000.0,7516000000.0,,84604000000.0,,42490000000.0,33242000000.0,6421000000.0,784000000.0,32458000000.0,112328000000.0,,,67000000.0,67000000.0,0.0,,2478000000.0,2283000000.0,617000000.0,4695000000.0,4360000000.0,335000000.0,50141000000.0,-12384000000.0,62525000000.0,1451000000.0,24712000000.0,35305000000.0,1057000000.0,,,736000000.0,11732000000.0,,,,,,,195000000.0,,40477000000.0,,,8000000.0,36702000000.0,5788000000.0,482000000.0,6875000000.0,3775000000.0,3100000000.0,3297000000.0,0.0,6298000000.0,13020000000.0,1288000000.0,,,,680000000.0,,8521000000.0,43066000000.0,86000000.0,41538000000.0,,2552000000.0,202000000.0,62269000000.0,129000000.0,0.0,50059000000.0,956000000.0,3000000.0,28366000000.0,28366000000.0,,,,,,,,,,,,,,,,,,,,,,,,,,,,,,,,,,,,6111000000.0,-239000000.0,-1714000000.0,1316000000.0,11000000.0,-7730000000.0,10037000000.0,7502000000.0,-515000000.0,3050000000.0,-4012000000.0,,,,-228000000.0,-239000000.0,11000000.0,-398000000.0,-398000000.0,-1714000000.0,1316000000.0,-6779000000.0,660000000.0,-214000000.0,0.0,-214000000.0,0.0,,-7330000000.0,400000000.0,,13841000000.0,-3519000000.0,1212000000.0,-4305000000.0,568000000.0,3252000000.0,214000000.0,-235000000.0,218000000.0,67000000.0,,8120000000.0,594000000.0,7526000000.0,,-1155000000.0,143000000.0,27000000.0,12828000000.0,,,,,,,,,,,0.0,-7730000000.0,,,,,,175000000.0,523000000.0,-348000000.0,7721000000.0,-1046000000.0,217000000.0,-3743000000.0,,,-3637000000.0,,,,,,,,,,,,,,,,,,,1.205137464490346,0.5222446916076845,0.2824401752612066,1.7762944838256989,3.173368649169275,2.317714446687638,0.23930147185550307,0.09177122470786943,0.026920823136051843,0.22482098521103955,0.05562281888754362,0.3332129616254995,0.2803808366251393,0.026330529799041744,-0.07594477156104151,-0.08871655408553947,-0.05270044598288409,-0.08187620121065775,-0.31627148169222963,-0.11704635965074317,-0.0012407786515774566,-0.001001249658977743,-0.0004615248793559609,-0.00043733855474689665,-0.0018295969250478883,0.07063984659117883,0.07790524244134395,0.011806627232935192,0.7071032976310256,0.7071021297965463,0.7070960168824577,0.7070975874855985,0.7070871657557768,0.707102089917939,-0.7070984211715862,-0.7070584826170916,-0.7069631319342743,-0.7070346239936531,-0.7070188900906492,0.7070874513528174,0.7070958044859326,0.7070672754441715,5
2025-06-30,SHP.JO,Retail,Shoprite,-22194000.0,0.274,-81000000.0,-81000000.0,7394000000.0,9355000000.0,-4540000000.0,5115000000.0,575000000.0,7452806000.0,7585000000.0,543396000.0,541440000.0,1396.2,1401.2,7585000000.0,7585000000.0,0.0,7585000000.0,2000000.0,7583000000.0,7392000000.0,2793000000.0,10185000000.0,596000000.0,-81000000.0,5000000.0,76000000.0,,,,47722000000.0,22366000000.0,8012000000.0,,8012000000.0,,,,,,252701000000.0,252701000000.0,,15300000000.0,238981000000.0,,191000000.0,,-4540000000.0,5115000000.0,,,,575000000.0,24736000000.0,191259000000.0,24655000000.0,14943000000.0,13720000000.0,61442000000.0,191259000000.0,,,,,,,,,50815151.0,,540523351.0,591338502.0,,55876000000.0,24494000000.0,39050000000.0,24494000000.0,30194000000.0,,36698000000.0,30117000000.0,-77000000.0,30194000000.0,,3756000000.0,,,7516000000.0,7516000000.0,,94827000000.0,,49620000000.0,34761000000.0,,677000000.0,34084000000.0,124944000000.0,,,613000000.0,74000000.0,,,2452000000.0,,128000000.0,5700000000.0,,,58626000000.0,,58626000000.0,58626000000.0,,,,,,740000000.0,9946000000.0,,,,,,,,,47020000000.0,,,8000000.0,43116000000.0,6504000000.0,582000000.0,6256000000.0,3904000000.0,2352000000.0,3447000000.0,,5706000000.0,10071000000.0,125000000.0,,,,1009000000.0,,8326000000.0,50286000000.0,76000000.0,44541000000.0,,,158000000.0,72077000000.0,39000000.0,539000000.0,52867000000.0,5588000000.0,5000000.0,29748000000.0,,,,,,,,,,,,,,,,,,,,,,,,,,,,,,,,,,,,,2985000000.0,-1432000000.0,-1083000000.0,2049000000.0,38000000.0,-7999000000.0,9323000000.0,10037000000.0,-35000000.0,-679000000.0,-4298000000.0,,,,-1394000000.0,-1432000000.0,38000000.0,966000000.0,966000000.0,-1083000000.0,2049000000.0,-7365000000.0,762000000.0,-664000000.0,1000000.0,-665000000.0,,,-7676000000.0,323000000.0,,10984000000.0,-3366000000.0,861000000.0,-5166000000.0,750000000.0,-2312000000.0,-305000000.0,-149000000.0,268000000.0,117000000.0,,9355000000.0,705000000.0,8650000000.0,,-899000000.0,153000000.0,-334000000.0,15380000000.0,,,,,,,,,,,,-7999000000.0,,,,,,270000000.0,1061000000.0,-791000000.0,1529000000.0,-579000000.0,5000000.0,-3985000000.0,,,-2957000000.0,,,,,,,,,,,,,,,,,,,1.1869288969713299,0.5190498641700905,0.223299881008509,1.8505663376829833,2.9912023460410557,2.2663151490569864,0.24314110351759588,0.09756589803760175,0.030015710266283076,0.25120884944028615,0.06070719682417723,0.2466042522619609,0.19657813730403034,0.011812379056671719,-0.018208567519016228,-0.0031948274375940278,-0.05914029425269762,0.07427185385728441,-0.18216630312821946,-0.05139929763065165,0.0038396316620928073,0.005794673329732325,0.003094887130231233,0.026387864229246605,0.005084377936633612,-0.08660870936353862,-0.08380269932110895,-0.014518150742370025,-0.7070358532981403,0.7070829141998929,-0.7070988583164564,0.706575866381168,0.7071033650497318,-0.7070980007502136,-0.7070967644349095,-0.7069489739525843,-0.7056801836413741,0.7070604956055697,0.7059957406462307,0.7070406256325874,0.7070875856948476,0.707042150255675,4
2022-06-30,SOL.JO,Energy,Sasol,-4408000000.0,0.25,-17632000000.0,-17632000000.0,38956000000.0,14073000000.0,-5876000000.0,6764000000.0,1020000000.0,52180000000.0,38956000000.0,634900000.0,624900000.0,61.36,62.34,38956000000.0,38956000000.0,,38956000000.0,-2716000000.0,41672000000.0,41672000000.0,13869000000.0,55541000000.0,,39000000.0,,-39000000.0,,,-17632000000.0,68656000000.0,25647000000.0,,,,43048000000.0,8677000000.0,34371000000.0,710000000.0,,272746000000.0,272746000000.0,,62305000000.0,206728000000.0,,,-4601000000.0,-5876000000.0,6764000000.0,,,132000000.0,1020000000.0,94010000000.0,138072000000.0,76378000000.0,51514000000.0,66018000000.0,134674000000.0,138072000000.0,0.0,13031000000.0,-39000000.0,1916000000.0,32455000000.0,,,,,,629345470.0,629345470.0,64512000000.0,121123000000.0,185572000000.0,293712000000.0,185572000000.0,188623000000.0,,271123000000.0,193197000000.0,4574000000.0,188623000000.0,1314000000.0,,139251000000.0,,9888000000.0,9888000000.0,,226351000000.0,,96766000000.0,51890000000.0,20468000000.0,3615000000.0,26888000000.0,419548000000.0,633000000.0,15263000000.0,555000000.0,555000000.0,,,12684000000.0,,,3051000000.0,,,233937000000.0,,233937000000.0,7232000000.0,150575000000.0,16301000000.0,4227000000.0,2115000000.0,47403000000.0,3296000000.0,40577000000.0,,,,,,,,,16034000000.0,,372000000.0,10549000000.0,14266000000.0,82500000000.0,16550000000.0,24357000000.0,1768000000.0,22589000000.0,31198000000.0,24980000000.0,32778000000.0,40890000000.0,313000000.0,10063000000.0,,-462000000.0,9717000000.0,,40481000000.0,134576000000.0,,91775000000.0,6853000000.0,,3144000000.0,287292000000.0,2024000000.0,,132256000000.0,290000000.0,2563000000.0,41110000000.0,24219000000.0,-290000000.0,,,14230000000.0,,,,2661000000.0,276000000.0,,187000000.0,31198000000.0,30622000000.0,,38170000000.0,4000000.0,37753000000.0,413000000.0,4000000.0,10063000000.0,10921000000.0,724000000.0,724000000.0,22416000000.0,173000000.0,56697000000.0,4807000000.0,919000000.0,3210000000.0,2074000000.0,,,,,,17537000000.0,,-15069000000.0,116000000.0,,-22713000000.0,42967000000.0,30988000000.0,1759000000.0,10220000000.0,-14953000000.0,,,,,,,-14953000000.0,-14966000000.0,-15054000000.0,88000000.0,-15077000000.0,-656000000.0,8361000000.0,8484000000.0,-123000000.0,-120000000.0,,-22593000000.0,,,40250000000.0,-13531000000.0,986000000.0,-5478000000.0,3043000000.0,-11536000000.0,,-4011000000.0,1164000000.0,-1849000000.0,,14073000000.0,,,443000000.0,,,,61417000000.0,,,,,,,,,,,-120000000.0,-22593000000.0,,,,,,-69000000.0,26000000.0,-95000000.0,10159000000.0,-9414000000.0,-886000000.0,-908000000.0,0.0,,-12281000000.0,13000000.0,-15000000.0,28000000.0,,-14953000000.0,-15077000000.0,40250000000.0,10159000000.0,10159000000.0,-9414000000.0,451000000.0,14073000000.0,-3571000000.0,-3128000000.0,,,,,1.4410896213565787,0.9931462816671207,0.442135657858894,0.6421433229245638,9.211265523358959,1.5858362355652151,0.4937707610744062,0.28003343770394434,0.1428288590850095,0.20652836610593617,0.0928523077216433,0.43857259602288207,0.332306828595725,0.06429791820961628,0.0,0.0,0.0,0.0,0.0,0.0,0.0,0.0,0.0,0.0,0.0,0.0,0.0,0.0,0.0,0.0,0.0,0.0,0.0,0.0,0.0,0.0,0.0,0.0,0.0,0.0,0.0,0.0,5
2023-06-30,SOL.JO,Energy,Sasol,2147355000.0,0.357,6015000000.0,6015000000.0,8799000000.0,16491000000.0,-7006000000.0,9047000000.0,2253000000.0,4931355000.0,8799000000.0,640667612.0,640667612.0,14.0,14.0,8620000000.0,8799000000.0,,8799000000.0,-534000000.0,9333000000.0,9333000000.0,5181000000.0,14514000000.0,,,,,,,6015000000.0,74128000000.0,27425000000.0,,,,46469000000.0,10470000000.0,35999000000.0,,,289696000000.0,289696000000.0,,23561000000.0,242916000000.0,,,-25260000000.0,-7006000000.0,9047000000.0,,,212000000.0,2253000000.0,34037000000.0,168788000000.0,40052000000.0,55418000000.0,46780000000.0,120908000000.0,168788000000.0,-179000000.0,-31275000000.0,234000000.0,2455000000.0,33544000000.0,,,,,,640667612.0,640667612.0,73092000000.0,140603000000.0,193713000000.0,321210000000.0,193713000000.0,196904000000.0,,279223000000.0,201524000000.0,4620000000.0,196904000000.0,898000000.0,,135706000000.0,,9888000000.0,9888000000.0,,232314000000.0,,96701000000.0,45682000000.0,16729000000.0,1997000000.0,26311000000.0,433838000000.0,784000000.0,17421000000.0,453000000.0,453000000.0,,,14804000000.0,3225000000.0,,3191000000.0,,,237156000000.0,-293181000000.0,530337000000.0,13174000000.0,399595000000.0,32516000000.0,5356000000.0,,36316000000.0,2539000000.0,51214000000.0,,,,,582000000.0,,10997000000.0,,16297000000.0,,465000000.0,5294000000.0,14382000000.0,82319000000.0,15531000000.0,43902000000.0,1915000000.0,41987000000.0,37716000000.0,53259000000.0,27296000000.0,52986000000.0,1772000000.0,11343000000.0,,-752000000.0,6944000000.0,,32482000000.0,130267000000.0,,102047000000.0,2466000000.0,,4319000000.0,299309000000.0,2164000000.0,,134529000000.0,310000000.0,2712000000.0,42205000000.0,23860000000.0,-310000000.0,,,15731000000.0,,,,2614000000.0,933000000.0,,,37716000000.0,26437000000.0,1000000.0,50412000000.0,20000000.0,49686000000.0,706000000.0,20000000.0,11343000000.0,5759000000.0,966000000.0,966000000.0,41828000000.0,159000000.0,50394000000.0,4712000000.0,645000000.0,3040000000.0,289000000.0,,,,,,4568000000.0,,-95634000000.0,96822000000.0,,-30854000000.0,53767000000.0,42967000000.0,2424000000.0,8376000000.0,1188000000.0,,,,,,,1188000000.0,1202000000.0,-93833000000.0,95035000000.0,-28234000000.0,2003000000.0,704000000.0,799000000.0,-95000000.0,-128000000.0,,-30726000000.0,,,35422000000.0,-13952000000.0,2242000000.0,-7083000000.0,3765000000.0,8050000000.0,,22448000000.0,1033000000.0,-1790000000.0,,16491000000.0,,,381000000.0,,,,21520000000.0,,,,,,,,,,,-128000000.0,-30726000000.0,,,,,,-87000000.0,156000000.0,-243000000.0,-2865000000.0,9002000000.0,-1821000000.0,-14187000000.0,0.0,,1913000000.0,-14000000.0,-1801000000.0,1787000000.0,,1188000000.0,-28234000000.0,35422000000.0,-2865000000.0,-2865000000.0,9002000000.0,948000000.0,16491000000.0,-4063000000.0,-2623000000.0,,,,,1.318304310758768,0.9047203739453389,0.5018667868727155,0.7140687847885264,2.6042887144909916,3.5105113352641566,0.4173616480724622,0.13825527449464267,0.03037321882248978,0.04468675090399382,0.02028176416081579,0.34711456485736963,0.2519291907000562,0.01576825361758533,-0.12278531059781073,-0.08842590772178183,0.05973112901382144,0.07192546186396265,-6.606976808867968,1.9246750996989415,-0.07640911300194403,-0.14177816320930167,-0.11245564026251972,-0.16184161520194235,-0.07257054356082751,-0.09145803116551243,-0.08037763789566882,-0.04852966459203095,0.0,0.0,0.0,0.0,0.0,0.0,0.0,0.0,0.0,0.0,0.0,0.0,0.0,0.0,3
2024-06-30,SOL.JO,Energy,Sasol,411750000.0,0.27,1525000000.0,1525000000.0,-44271000000.0,15644000000.0,-7201000000.0,10266000000.0,3226000000.0,-45384250000.0,-44271000000.0,679900000.0,633000000.0,-69.94,-69.94,-44407000000.0,-44271000000.0,,-44271000000.0,-26000000.0,-44245000000.0,-44245000000.0,9739000000.0,-34506000000.0,,,,,,,1525000000.0,76684000000.0,28560000000.0,,,,47935000000.0,10394000000.0,37541000000.0,,,275111000000.0,275111000000.0,,-24240000000.0,230285000000.0,,,-72131000000.0,-7201000000.0,10266000000.0,,,161000000.0,3226000000.0,-10121000000.0,153601000000.0,-8596000000.0,48109000000.0,44826000000.0,121510000000.0,153601000000.0,-136000000.0,-73656000000.0,189000000.0,2076000000.0,35465000000.0,,,,13055335.0,,635419769.0,648475104.0,72335000000.0,135155000000.0,140543000000.0,260723000000.0,140543000000.0,143005000000.0,,246876000000.0,147427000000.0,4422000000.0,143005000000.0,1046000000.0,,84537000000.0,,9888000000.0,9888000000.0,,217553000000.0,,119044000000.0,41261000000.0,14237000000.0,1459000000.0,24972000000.0,364980000000.0,910000000.0,17724000000.0,446000000.0,446000000.0,,,14742000000.0,3306000000.0,,2462000000.0,,,175940000000.0,-365589000000.0,541529000000.0,14647000000.0,398678000000.0,33167000000.0,5175000000.0,,36989000000.0,3691000000.0,45383000000.0,,,,,736000000.0,,10700000000.0,,17437000000.0,,446000000.0,5205000000.0,15173000000.0,103871000000.0,14396000000.0,16111000000.0,2264000000.0,13847000000.0,37193000000.0,56164000000.0,28313000000.0,48915000000.0,3532000000.0,11356000000.0,,-870000000.0,5506000000.0,,60125000000.0,150957000000.0,,66596000000.0,109000000.0,,4750000000.0,238259000000.0,2536000000.0,,126721000000.0,98000000.0,2416000000.0,40719000000.0,21464000000.0,,,,16243000000.0,,,,3012000000.0,510000000.0,,,37193000000.0,33698000000.0,,47534000000.0,49000000.0,46714000000.0,771000000.0,49000000.0,11356000000.0,5651000000.0,320000000.0,320000000.0,13726000000.0,121000000.0,45306000000.0,4045000000.0,593000000.0,4030000000.0,349000000.0,,,,,,-408000000.0,,-40349000000.0,33383000000.0,,-30159000000.0,45262000000.0,53767000000.0,-633000000.0,-7872000000.0,-6966000000.0,,,,,,,-6966000000.0,-7474000000.0,-38166000000.0,30692000000.0,-30657000000.0,-410000000.0,16000000.0,129000000.0,-113000000.0,-85000000.0,,-30074000000.0,,,29751000000.0,-10932000000.0,3211000000.0,-8638000000.0,1639000000.0,-4841000000.0,,69009000000.0,986000000.0,-830000000.0,,15644000000.0,,,373000000.0,,,,-27305000000.0,,,,,,,,,,,-85000000.0,-30074000000.0,,,,,,-104000000.0,69000000.0,-173000000.0,-1693000000.0,-3094000000.0,673000000.0,-7850000000.0,,,-54000000.0,508000000.0,-2183000000.0,2691000000.0,,-6966000000.0,-30657000000.0,29751000000.0,-1693000000.0,-1693000000.0,-3094000000.0,370000000.0,15644000000.0,-712000000.0,-1758000000.0,,,,,1.9028320019220373,1.2913988828157847,0.6814673553967205,0.9451068144470474,-2.3611922852133254,-6.621045956871255,0.44167626885148176,-0.031245569969939407,-0.1609205011795239,-0.2497186125795129,-0.12129705737300674,0.44673854285542675,0.22012504161888202,-0.0014830377556695298,0.5845276911632693,0.38667850887044586,0.17960056852400508,0.23103802965852094,-4.965480999704317,-14.156925169863923,0.02431462077901958,-0.16950084446458208,-0.19129372000201367,-0.35426333913517455,-0.14157882153382254,0.09962397799805711,-0.03180414908117418,-0.01725129137325486,0.0,0.0,0.0,0.0,0.0,0.0,0.0,0.0,0.0,0.0,0.0,0.0,0.0,0.0,1
2025-06-30,SOL.JO,Energy,Sasol,-410326000.0,0.371,-1106000000.0,-1106000000.0,6767000000.0,14002000000.0,-6537000000.0,9336000000.0,2925000000.0,7462674000.0,6767000000.0,642000000.0,638200000.0,10.54,10.6,6767000000.0,6767000000.0,,6767000000.0,-959000000.0,7726000000.0,7726000000.0,4556000000.0,12282000000.0,,,,,,,-1106000000.0,68006000000.0,24874000000.0,,,,43056000000.0,9579000000.0,33477000000.0,,,249096000000.0,249096000000.0,,21618000000.0,211149000000.0,,,-19128000000.0,-6537000000.0,9336000000.0,,,126000000.0,2925000000.0,36726000000.0,143143000000.0,35620000000.0,38464000000.0,37947000000.0,105953000000.0,143143000000.0,0.0,-18022000000.0,76000000.0,-1821000000.0,35298000000.0,,,,13055335.0,,636319769.0,649375104.0,62262000000.0,120672000000.0,150077000000.0,255739000000.0,150077000000.0,152427000000.0,,240981000000.0,157611000000.0,5184000000.0,152427000000.0,1268000000.0,,91965000000.0,,9888000000.0,9888000000.0,,201944000000.0,,103731000000.0,44133000000.0,14493000000.0,838000000.0,28272000000.0,359555000000.0,1083000000.0,16747000000.0,780000000.0,780000000.0,,,12959000000.0,3299000000.0,,2350000000.0,,,169875000000.0,-380851000000.0,550726000000.0,14740000000.0,408717000000.0,34689000000.0,5143000000.0,,41643000000.0,4287000000.0,41050000000.0,,,,,730000000.0,,8930000000.0,,17360000000.0,,229000000.0,3478000000.0,15177000000.0,88554000000.0,12949000000.0,16941000000.0,2183000000.0,14758000000.0,35803000000.0,59169000000.0,30370000000.0,46665000000.0,5615000000.0,12121000000.0,,-901000000.0,7509000000.0,,60718000000.0,132508000000.0,,69436000000.0,66000000.0,,3757000000.0,229401000000.0,3008000000.0,,130154000000.0,53000000.0,,41793000000.0,22049000000.0,,,,16917000000.0,,,,2827000000.0,,,,35803000000.0,28268000000.0,,49306000000.0,61000000.0,48295000000.0,950000000.0,61000000.0,12121000000.0,3707000000.0,625000000.0,625000000.0,14757000000.0,1000000.0,48047000000.0,3914000000.0,530000000.0,3543000000.0,378000000.0,,,,,,12895000000.0,,-20693000000.0,4084000000.0,,-25413000000.0,41049000000.0,45262000000.0,-26000000.0,-4187000000.0,-16609000000.0,,,,,,,-16609000000.0,-16666000000.0,-17137000000.0,471000000.0,-25886000000.0,-673000000.0,309000000.0,372000000.0,-63000000.0,-68000000.0,,-25345000000.0,,,38308000000.0,-7293000000.0,2818000000.0,-7998000000.0,3211000000.0,1276000000.0,,16662000000.0,914000000.0,-3489000000.0,,14002000000.0,,,272000000.0,,,,18819000000.0,,,,,,,,,,,-68000000.0,-25345000000.0,,,,,,-109000000.0,946000000.0,-1055000000.0,2847000000.0,-1114000000.0,799000000.0,-233000000.0,,,-457000000.0,57000000.0,-3556000000.0,3613000000.0,,-16609000000.0,-25886000000.0,38308000000.0,2847000000.0,2847000000.0,-1114000000.0,171000000.0,14002000000.0,-552000000.0,-1623000000.0,,,,,1.8744455325767613,1.2725531424621235,0.5911918889336943,0.7916707669901002,2.3155526992287916,3.3877596855699044,0.42535006583807045,0.14299707743199408,0.02716623309888557,0.04439502187932584,0.018820486434620573,0.551702286998099,0.3174555820737205,0.05176719015961718,-0.028386469345276,-0.018845740353661267,-0.0902754664630262,-0.15343604745694717,4.6767449844421165,14.223634513079121,-0.01632620301341131,0.1742426474019335,0.18808673427840947,0.3539716101105066,0.13758108951526724,0.10496374414267223,0.09733054045483847,0.053250227915286705,0.0,0.0,0.0,0.0,0.0,0.0,0.0,0.0,0.0,0.0,0.0,0.0,0.0,0.0,4
2022-09-30,TBS.JO,FMCG,Tiger Brands,52546000.0,0.26,202100000.0,202100000.0,2864500000.0,860800000.0,-74900000.0,44200000.0,14200000.0,2714946000.0,2864500000.0,164844665.0,162552439.0,17.377,17.622,2864500000.0,2864500000.0,0.0,2864500000.0,-30600000.0,2895100000.0,2895100000.0,1019500000.0,3914600000.0,29100000.0,205100000.0,-218000000.0,0.0,12900000.0,,,7103900000.0,1846700000.0,,,,5257200000.0,5257200000.0,,,,34028900000.0,34028900000.0,,3958800000.0,30817000000.0,,0.0,,-74900000.0,44200000.0,,98600000.0,44900000.0,14200000.0,4617500000.0,23713100000.0,4819600000.0,3430700000.0,3211900000.0,10315800000.0,23713100000.0,,,,,,,,,23959120.0,,156368860.0,180327980.0,,1493700000.0,12566500000.0,16581700000.0,12566500000.0,15608900000.0,,15608900000.0,15751200000.0,142300000.0,15608900000.0,-1434700000.0,,14867600000.0,0.0,18000000.0,18000000.0,,8326000000.0,,326500000.0,3737700000.0,232900000.0,140600000.0,3364200000.0,24077200000.0,8000000.0,,253500000.0,265500000.0,,253500000.0,2421200000.0,2421200000.0,,3042400000.0,1397200000.0,1645200000.0,5817200000.0,-6299400000.0,12116600000.0,731900000.0,9175300000.0,10800000.0,2198600000.0,208200000.0,,115100000.0,1115900000.0,,,,,,,,,520900000.0,,,240700000.0,326500000.0,,,1167200000.0,194400000.0,972800000.0,34300000.0,0.0,3455300000.0,1115900000.0,,322900000.0,,,160500000.0,,4760000000.0,890100000.0,,7435900000.0,,466900000.0,,11881300000.0,12000000.0,,12195900000.0,,,7124400000.0,4257900000.0,,16500000.0,,2746200000.0,,,44900000.0,75400000.0,,,,,,,,,,,,,,,,,,,,,,,,,,,,-357200000.0,-1453100000.0,0.0,972800000.0,4000000.0,-1004000000.0,1115900000.0,2161800000.0,90700000.0,-1048900000.0,-654900000.0,,,,-1449100000.0,-1453100000.0,4000000.0,972800000.0,0.0,,,-1040800000.0,-17900000.0,0.0,0.0,,0.0,0.0,-1000900000.0,3100000.0,,646800000.0,-961500000.0,44700000.0,-105800000.0,372000000.0,-1587200000.0,,8600000.0,55800000.0,12500000.0,,860800000.0,50700000.0,810100000.0,-104200000.0,300000.0,3700000.0,,3430700000.0,,,,,,,,,,,,-1004000000.0,,,,,,-3000000.0,2400000.0,-5400000.0,426200000.0,-637600000.0,,-1386400000.0,-87700000.0,,-1375800000.0,972800000.0,0.0,972800000.0,,,,,,,,,,,,,,,,1.6401377102973413,0.6820290751623879,0.1500692585968074,0.095695404544843,89.56561085972851,0.30992198522698977,0.30314820637752027,0.1416325535059905,0.08417844831892891,0.18351709601573463,0.11897147508846544,0.0869834182815799,0.4330186784494878,-0.01049695993699473,0.0,0.0,0.0,0.0,0.0,0.0,0.0,0.0,0.0,0.0,0.0,0.0,0.0,0.0,0.0,0.0,0.0,0.0,0.0,0.0,0.0,0.0,0.0,0.0,0.0,0.0,0.0,0.0,5
2023-09-30,TBS.JO,FMCG,Tiger Brands,29095000.0,0.23,126500000.0,126500000.0,2697200000.0,950400000.0,-238000000.0,220900000.0,29900000.0,2599795000.0,2697200000.0,158661854.0,156390363.0,17.0,17.247,2697200000.0,2697200000.0,0.0,2697200000.0,-36700000.0,2733900000.0,2733900000.0,817100000.0,3551000000.0,31200000.0,118800000.0,-169700000.0,,50900000.0,,,7390000000.0,1718900000.0,,,,5671100000.0,5671100000.0,,,,37388500000.0,37388500000.0,,3771900000.0,34438200000.0,,0.0,,-238000000.0,220900000.0,,26200000.0,47000000.0,29900000.0,4595800000.0,27048200000.0,4722300000.0,3118200000.0,2950300000.0,10340300000.0,27048200000.0,,,,,,,,,23913537.0,,156414443.0,180327980.0,922900000.0,2095000000.0,14280000000.0,17341000000.0,14280000000.0,17341000000.0,,17341000000.0,17542000000.0,201000000.0,17341000000.0,-1673000000.0,,15968000000.0,0.0,18000000.0,18000000.0,,8463000000.0,,1211000000.0,4490000000.0,255900000.0,117000000.0,4373000000.0,26005000000.0,8700000.0,,349700000.0,332600000.0,17100000.0,332600000.0,3092000000.0,3092000000.0,,3061000000.0,1401000000.0,1660000000.0,6190000000.0,-6876800000.0,349000000.0,349000000.0,9696100000.0,15500000.0,2515000000.0,196300000.0,,22000000.0,844000000.0,,,,,,,,,395900000.0,,,312000000.0,208900000.0,1002100000.0,,884000000.0,187000000.0,696700000.0,44000000.0,0.0,4632000000.0,879000000.0,35000000.0,216000000.0,,,320100000.0,,6313000000.0,1739000000.0,,6724000000.0,,450000000.0,,12968000000.0,563000000.0,,13037000000.0,0.0,,7504000000.0,4252100000.0,,8900000.0,,3158800000.0,,,19100000.0,73600000.0,,,,,,,,,,,,,,,,,,,,,,,,,,,,-842400000.0,0.0,-1380000000.0,2106000000.0,-33900000.0,-1212600000.0,775900000.0,1115900000.0,-40300000.0,-285100000.0,488700000.0,,,,-33900000.0,0.0,-33900000.0,726000000.0,1002100000.0,0.0,1002100000.0,-1144000000.0,39200000.0,,,,0.0,0.0,-1185800000.0,26800000.0,,370200000.0,-808000000.0,47900000.0,-256200000.0,247100000.0,-1561300000.0,,103400000.0,13400000.0,117700000.0,,950400000.0,57800000.0,892600000.0,-39800000.0,,8800000.0,,3118200000.0,,,,,,,,,,,,-1212600000.0,,,,,,2600000.0,2600000.0,0.0,-711200000.0,-505300000.0,,-1563800000.0,-14600000.0,,-344800000.0,-276100000.0,-1380000000.0,1103900000.0,,,,,,,,,,,,,,,,1.9388756692444973,0.8228732897085068,0.1255205234979179,0.12081194856121331,17.075147125396107,0.44363975181585247,0.27656364925043797,0.12630354253313184,0.07213982909183304,0.1555388962574246,0.10371851567006345,0.055056513979773944,0.17670644391408113,-0.022530992149992646,0.29873795894715593,0.14084421454611895,-0.024548735098889496,0.025116544016370312,-72.4904637343324,0.1337177665888627,-0.026584557127082298,-0.015329010972858659,-0.01203861922709587,-0.027978199758310035,-0.01525295941840199,-0.03192690430180596,-0.2563122345354067,-0.012034032212997916,0.0,0.0,0.0,0.0,0.0,0.0,0.0,0.0,0.0,0.0,0.0,0.0,0.0,0.0,5
2024-09-30,TBS.JO,FMCG,Tiger Brands,58374000.0,0.207,282000000.0,282000000.0,2739000000.0,922000000.0,-287000000.0,265000000.0,22000000.0,2515374000.0,2983000000.0,158030018.0,155878146.0,18.88,19.14,2983000000.0,2983000000.0,0.0,2983000000.0,-29000000.0,3012000000.0,2768000000.0,724000000.0,3492000000.0,56000000.0,281000000.0,-280000000.0,0.0,-1000000.0,,,7010000000.0,1828000000.0,,,,5182000000.0,5182000000.0,,,,33494000000.0,33494000000.0,,3757000000.0,30750000000.0,,244000000.0,,-287000000.0,265000000.0,,36400000.0,44000000.0,22000000.0,4397000000.0,23740000000.0,4679000000.0,3143800000.0,2744000000.0,9754000000.0,23740000000.0,,,,,,,,,24915850.0,,155412130.0,180327980.0,,1242000000.0,15189000000.0,18999000000.0,15189000000.0,18210000000.0,,18210000000.0,18427000000.0,217000000.0,18210000000.0,-1891000000.0,,16849000000.0,0.0,18000000.0,18000000.0,,8196000000.0,,303000000.0,3801000000.0,243000000.0,233000000.0,3325000000.0,26623000000.0,10000000.0,,335000000.0,319000000.0,16000000.0,,3347000000.0,3347000000.0,,3021000000.0,1369000000.0,1652000000.0,6196000000.0,-7235000000.0,13431000000.0,546700000.0,10308000000.0,396000000.0,2727000000.0,145000000.0,,167000000.0,1625000000.0,,,,,,,,,453000000.0,,,360000000.0,303000000.0,0.0,,939000000.0,150000000.0,789000000.0,36000000.0,0.0,3710000000.0,1656000000.0,31000000.0,228000000.0,,,277000000.0,,6159000000.0,891000000.0,,7305000000.0,,488000000.0,,13159000000.0,,,13464000000.0,41000000.0,,7423000000.0,3300000000.0,,45000000.0,,4026000000.0,,,16000000.0,81000000.0,,,,,,,,,,,,,,,,,,,,,,,,,,,,1984000000.0,-215000000.0,-1967000000.0,813000000.0,-96000000.0,-970000000.0,1380000000.0,844000000.0,-70000000.0,606000000.0,-1687000000.0,,,,-311000000.0,-215000000.0,-96000000.0,-1154000000.0,-1002000000.0,-1002000000.0,0.0,-661000000.0,2000000.0,0.0,0.0,,222000000.0,262000000.0,-890000000.0,40000000.0,,2954000000.0,-869000000.0,28000000.0,-316000000.0,229000000.0,746000000.0,,37000000.0,71000000.0,382000000.0,,922000000.0,56800000.0,922000000.0,27000000.0,-22000000.0,14000000.0,0.0,3492000000.0,,,,,,,,,,,-40000000.0,-930000000.0,,,,,,5000000.0,7000000.0,-2000000.0,150000000.0,338000000.0,49000000.0,-1601000000.0,,,258000000.0,-152000000.0,-965000000.0,813000000.0,,,,,,,,,,,,,,,,1.8431211498973306,0.8269678302532512,0.22245037645448323,0.06820428336079078,14.177358490566037,0.26544133361829453,0.29121633725443363,0.1396966620887323,0.0890607272944408,0.16381109280615047,0.11204597528452842,0.40438056125941135,2.3784219001610305,0.05923448975935989,-0.09575451934716672,0.004094540544744341,0.09692985295656534,-0.05260766520042254,-2.8977886348300697,-0.17819841819755794,0.014652688003995662,0.013393119555600463,0.016920898202607754,0.00827219654872588,0.008327459614464974,0.3493240472796374,2.201715456246949,0.08176548190935254,0.0,0.0,0.0,0.0,0.0,0.0,0.0,0.0,0.0,0.0,0.0,0.0,0.0,0.0,5
2025-09-30,TBS.JO,FMCG,Tiger Brands,544734000.0,0.318,1713000000.0,1713000000.0,4060000000.0,857000000.0,65000000.0,12000000.0,137000000.0,2891734000.0,3817000000.0,155860119.0,153766956.0,24.49,24.82,3817000000.0,3817000000.0,0.0,3817000000.0,-34000000.0,3851000000.0,4094000000.0,1912000000.0,6006000000.0,51000000.0,1687000000.0,-1708000000.0,5000000.0,16000000.0,,,7097000000.0,1811000000.0,,,,5286000000.0,5286000000.0,,,,34392000000.0,34392000000.0,,6018000000.0,30717000000.0,,-243000000.0,,65000000.0,12000000.0,,,60000000.0,137000000.0,5162000000.0,23620000000.0,6875000000.0,3832000000.0,3675000000.0,10772000000.0,23620000000.0,,,,,,,,,24292560.0,,150578894.0,174871454.0,,357000000.0,14127000000.0,16995000000.0,14127000000.0,16984000000.0,,16984000000.0,17239000000.0,255000000.0,16984000000.0,-1724000000.0,,18330000000.0,0.0,17000000.0,17000000.0,,9716000000.0,,241000000.0,5589000000.0,272000000.0,740000000.0,4577000000.0,26955000000.0,16000000.0,,235000000.0,218000000.0,17000000.0,,313000000.0,313000000.0,,2857000000.0,1245000000.0,1612000000.0,6261000000.0,-6104000000.0,12365000000.0,,9291000000.0,413000000.0,2661000000.0,105000000.0,,262000000.0,3069000000.0,,,,,,,,,346000000.0,,,257000000.0,241000000.0,0.0,,116000000.0,105000000.0,11000000.0,0.0,0.0,3431000000.0,4850000000.0,1781000000.0,245000000.0,,,380000000.0,,8086000000.0,743000000.0,,8973000000.0,,589000000.0,,9896000000.0,,,17059000000.0,1971000000.0,,6042000000.0,2221000000.0,,18000000.0,,3707000000.0,,,18000000.0,96000000.0,,,,,,,,,,,,,,,,,,,,,,,,,,,,1091000000.0,-1523000000.0,-1084000000.0,539000000.0,6000000.0,-1189000000.0,3227000000.0,1380000000.0,-28000000.0,1875000000.0,-2422000000.0,,,,-1517000000.0,-1523000000.0,6000000.0,-545000000.0,0.0,0.0,,2017000000.0,-2000000.0,4958000000.0,4958000000.0,,-17000000.0,0.0,-1135000000.0,37000000.0,,2280000000.0,-1388000000.0,140000000.0,-72000000.0,20000000.0,1186000000.0,,-741000000.0,115000000.0,804000000.0,,857000000.0,,857000000.0,28000000.0,-19000000.0,5000000.0,-996000000.0,6006000000.0,,,,,,,,,,,-17000000.0,-1172000000.0,,,,,,-1787000000.0,2611000000.0,-4398000000.0,955000000.0,-280000000.0,148000000.0,-3548000000.0,,,511000000.0,-545000000.0,-1084000000.0,539000000.0,,,,,,,,,,,,,,,,1.9011478881087707,1.2277944945948958,0.3420260782347041,0.021019783325482808,297.3005972696234,0.051927272727272725,0.31321237497092347,0.19990113979995347,0.11098511281693417,0.22474093264248704,0.14160638100537934,0.2540956201939151,6.38655462184874,0.031722493603163524,0.05802673821144011,0.4008266643416446,0.11957570178022087,-0.04718450003530797,216.56574998206585,-0.21351406089102182,0.021996037716489836,0.06020447771122117,0.021924385522493373,0.06092983983633657,0.02956040572085092,-0.15028494106549628,2.9423465350776548,-0.027511996156196365,0.0,0.0,0.0,0.0,0.0,0.0,0.0,0.0,0.0,0.0,0.0,0.0,0.0,0.0,5
2022-03-31,VOD.JO,Telecoms,Vodacom,-35306000.0,0.278,-127000000.0,-127000000.0,17163000000.0,14657000000.0,-3675000000.0,4229000000.0,554000000.0,17254694000.0,17163000000.0,1744332005.0,1693615806.0,9.84,10.13,17163000000.0,17163000000.0,0.0,17163000000.0,-571000000.0,17734000000.0,17734000000.0,6829000000.0,24563000000.0,,-24000000.0,,24000000.0,,,,38932000000.0,15123000000.0,14657000000.0,,14657000000.0,1886000000.0,1886000000.0,,,,102736000000.0,102736000000.0,,28792000000.0,77556000000.0,,,,-3675000000.0,4229000000.0,,,,554000000.0,43576000000.0,38624000000.0,43449000000.0,28236000000.0,25180000000.0,64112000000.0,38624000000.0,,,,,,,,,142559769.0,,1693305192.0,1835864961.0,22094000000.0,52466000000.0,65383000000.0,119247000000.0,65383000000.0,79437000000.0,,99995000000.0,85466000000.0,6029000000.0,79437000000.0,,17019000000.0,39885000000.0,,57073000000.0,57073000000.0,,92501000000.0,,29347000000.0,34207000000.0,6386000000.0,1178000000.0,26632000000.0,177967000000.0,,,69000000.0,,69000000.0,,47429000000.0,,,14054000000.0,10780000000.0,3274000000.0,59273000000.0,-64343000000.0,123616000000.0,102420000000.0,,15922000000.0,5274000000.0,,,234000000.0,17716000000.0,17716000000.0,,,,,11000000.0,,,12656000000.0,,,3365000000.0,8789000000.0,20558000000.0,1581000000.0,23119000000.0,3867000000.0,19252000000.0,125000000.0,0.0,21230000000.0,18094000000.0,378000000.0,,,,2788000000.0,,-7148000000.0,34834000000.0,541000000.0,57667000000.0,,,341000000.0,127448000000.0,,,50519000000.0,,6386000000.0,1787000000.0,2027000000.0,,,-240000000.0,,,,,,,,,,,,,,,,,,,,,,,,,,,,,,,,,20185000000.0,-517000000.0,-9717000000.0,8570000000.0,84000000.0,-13843000000.0,16658000000.0,15209000000.0,-51000000.0,1500000000.0,-20564000000.0,,-14170000000.0,-14170000000.0,-433000000.0,-517000000.0,84000000.0,-1147000000.0,-1147000000.0,-9717000000.0,8570000000.0,-11964000000.0,-530000000.0,-874000000.0,0.0,-874000000.0,,,-13782000000.0,61000000.0,,34028000000.0,-7124000000.0,,,,37000000.0,,3675000000.0,575000000.0,,,14657000000.0,,14657000000.0,,702000000.0,-1000000.0,0.0,24563000000.0,,,,,,,2911000000.0,,,,,-13843000000.0,,-4312000000.0,,,,,,,2117000000.0,-1486000000.0,,,,,-594000000.0,,,,545000000.0,,,,,,,,,,,,,,,0.8760469592661314,0.8450586990826643,0.3072120970399015,0.6604730792955423,6.8082288957200285,1.207530668139658,0.6240460987385142,0.4229189378601464,0.16705925868244823,0.2160580082329393,0.09643922749723263,0.5900775140028093,0.6485724087980788,0.1964744588070394,0.0,0.0,0.0,0.0,0.0,0.0,0.0,0.0,0.0,0.0,0.0,0.0,0.0,0.0,0.0,0.0,0.0,0.0,0.0,0.0,0.0,0.0,0.0,0.0,0.0,0.0,0.0,0.0,5
2023-03-31,VOD.JO,Telecoms,Vodacom,-77004000.0,0.276,-279000000.0,-279000000.0,16767000000.0,17968000000.0,-4712000000.0,5569000000.0,857000000.0,16968996000.0,16767000000.0,1819658539.0,1768706784.0,9.21,9.48,16767000000.0,16767000000.0,0.0,16767000000.0,-1344000000.0,18111000000.0,18111000000.0,6897000000.0,25008000000.0,,-102000000.0,-4000000.0,106000000.0,,,,46583000000.0,18933000000.0,17968000000.0,,17968000000.0,1936000000.0,1936000000.0,,,,119170000000.0,119170000000.0,,30577000000.0,92525000000.0,,,,-4712000000.0,5569000000.0,,,,857000000.0,48824000000.0,45942000000.0,48545000000.0,29252000000.0,26645000000.0,73228000000.0,45942000000.0,,,,,,,,,142402208.0,,1935438996.0,2077841204.0,33875000000.0,70337000000.0,58303000000.0,141875000000.0,58303000000.0,85946000000.0,,136285000000.0,97427000000.0,11481000000.0,85946000000.0,,17055000000.0,43524000000.0,,89918000000.0,89918000000.0,,130888000000.0,,60687000000.0,53906000000.0,9832000000.0,2665000000.0,41392000000.0,228315000000.0,,,800000000.0,731000000.0,69000000.0,,52573000000.0,51949000000.0,,27643000000.0,23328000000.0,4315000000.0,74241000000.0,-76918000000.0,151159000000.0,134012000000.0,,10919000000.0,6228000000.0,,,288000000.0,22054000000.0,22054000000.0,,,,,17000000.0,624000000.0,575000000.0,14408000000.0,,,3857000000.0,10348000000.0,50339000000.0,1406000000.0,9650000000.0,4060000000.0,5590000000.0,548000000.0,0.0,27992000000.0,23012000000.0,958000000.0,,,,2508000000.0,,1402000000.0,66502000000.0,552000000.0,64386000000.0,,,830000000.0,162527000000.0,,,65788000000.0,,9832000000.0,2156000000.0,2336000000.0,,,-180000000.0,,,,,,,,,,,,,,,,,,,,,,,,,,,,,,,,,20776000000.0,-510000000.0,-11935000000.0,19662000000.0,375000000.0,-20175000000.0,20731000000.0,16658000000.0,1553000000.0,2520000000.0,-11727000000.0,-273000000.0,-13136000000.0,-13136000000.0,-135000000.0,-510000000.0,375000000.0,7727000000.0,7727000000.0,-11935000000.0,19662000000.0,-26704000000.0,-2221000000.0,-9542000000.0,,-9542000000.0,,,-20086000000.0,89000000.0,,40951000000.0,-7361000000.0,,,,2319000000.0,,4712000000.0,481000000.0,,,17968000000.0,,17968000000.0,,400000000.0,35000000.0,-4000000.0,25008000000.0,,,,,,,4390000000.0,,,,,-20175000000.0,,-5341000000.0,,,,,,,7202000000.0,-4777000000.0,,,,,-106000000.0,,,,871000000.0,,,,,,,,,,,,,,,1.0217749200136677,0.9882893796788121,0.3425278787314012,0.8183859632792684,5.490572813790627,1.4489030796168503,0.6144835109507426,0.4073592347067215,0.14069816228916673,0.19508761315244455,0.07343801327113855,0.6360233591153356,0.5822113539104596,0.17433917932365528,0.14572796074753624,0.14323068059614785,0.03531578169149974,0.15791288398372605,-1.3176560819294014,0.24137241147719224,-0.009562587787771637,-0.01555970315342492,-0.02636109639328149,-0.020970395080494753,-0.02300121422609408,0.04594584511252631,-0.06636105488761912,-0.022135279483384118,0.0,0.0,0.0,0.0,0.0,0.0,0.0,0.0,0.0,0.0,0.0,0.0,0.0,0.0,5
2024-03-31,VOD.JO,Telecoms,Vodacom,-67410000.0,0.315,-214000000.0,-214000000.0,16292000000.0,22786000000.0,-6747000000.0,8163000000.0,1416000000.0,16438590000.0,16292000000.0,1970026942.0,1933892348.0,8.27,8.42,16292000000.0,16292000000.0,0.0,16292000000.0,-2972000000.0,19264000000.0,19264000000.0,8859000000.0,28123000000.0,,-5000000.0,13000000.0,-8000000.0,,,,59754000000.0,24676000000.0,22786000000.0,5157000000.0,17629000000.0,2156000000.0,2156000000.0,,,,150594000000.0,150594000000.0,,36286000000.0,117454000000.0,,,,-6747000000.0,8163000000.0,,,,1416000000.0,59286000000.0,57700000000.0,59072000000.0,35337000000.0,33140000000.0,92894000000.0,57700000000.0,,,,,,,,,142402208.0,,1935438996.0,2077841204.0,34335000000.0,73478000000.0,64840000000.0,150809000000.0,64840000000.0,92764000000.0,,141686000000.0,103828000000.0,11064000000.0,92764000000.0,,17131000000.0,47457000000.0,,89918000000.0,89918000000.0,,136785000000.0,,59540000000.0,56709000000.0,11126000000.0,2984000000.0,42585000000.0,240613000000.0,,,743000000.0,674000000.0,69000000.0,,58334000000.0,57757000000.0,,27924000000.0,23920000000.0,4004000000.0,74643000000.0,-75963000000.0,150606000000.0,133109000000.0,,11344000000.0,6153000000.0,,,709000000.0,23710000000.0,23710000000.0,,,,,14000000.0,576000000.0,537000000.0,15433000000.0,,,3928000000.0,10618000000.0,48922000000.0,1592000000.0,13938000000.0,4815000000.0,9123000000.0,658000000.0,0.0,28154000000.0,25124000000.0,1414000000.0,,,,3293000000.0,,-534000000.0,65524000000.0,464000000.0,71261000000.0,,,614000000.0,169886000000.0,,,70727000000.0,,11126000000.0,2321000000.0,2624000000.0,,,-303000000.0,,,,,,,,,,,,,,,,,,,,,,,,,,,,,,,,,26686000000.0,-531000000.0,-21700000000.0,18182000000.0,196000000.0,-22325000000.0,21513000000.0,20731000000.0,-1807000000.0,2589000000.0,-25699000000.0,103000000.0,-12374000000.0,-12374000000.0,-335000000.0,-531000000.0,196000000.0,-3518000000.0,-3518000000.0,-21700000000.0,18182000000.0,-20723000000.0,-1507000000.0,-833000000.0,,-833000000.0,,,-22147000000.0,178000000.0,,49011000000.0,-8112000000.0,,,,-194000000.0,,6760000000.0,415000000.0,,,22786000000.0,,22786000000.0,,1300000000.0,117000000.0,13000000.0,28123000000.0,,,,,,,2493000000.0,,,,,-22325000000.0,,-7667000000.0,,,,,,,5326000000.0,-5205000000.0,,,,,-315000000.0,,,,1271000000.0,,,,,,,,,,,,,,,0.9925064200614642,0.9599360098791766,0.332720562439483,0.7920960717519727,4.445179468332721,1.2438718851570965,0.6168506049377798,0.39225998379749527,0.10818492104599121,0.17562847656418437,0.06771038971294153,0.6877675025610082,0.667015977571518,0.1772049351235773,-0.029268499952203486,-0.02835336979963554,-0.009807316291918222,-0.02628989152729566,-1.0453933454579065,-0.20503119445975382,0.002367093987037161,-0.015099250909226203,-0.03251324124317552,-0.01945913658826018,-0.0057276235581970175,0.051744143445672575,0.08480462366105834,0.002865755799922015,0.0,0.0,0.0,0.0,0.0,0.0,0.0,0.0,0.0,0.0,0.0,0.0,0.0,0.0,5
2025-03-31,VOD.JO,Telecoms,Vodacom,-80649000.0,0.309,-261000000.0,-261000000.0,16598000000.0,21934000000.0,-6633000000.0,8093000000.0,1460000000.0,16778351000.0,16598000000.0,1964719410.0,1931938877.0,8.45,8.59,16598000000.0,16598000000.0,0.0,16598000000.0,-3293000000.0,19891000000.0,19891000000.0,8882000000.0,28773000000.0,,-50000000.0,,50000000.0,,,,59786000000.0,25503000000.0,21934000000.0,5096000000.0,16838000000.0,1914000000.0,1914000000.0,,,,152227000000.0,152227000000.0,,36866000000.0,119126000000.0,,,,-6633000000.0,8093000000.0,,,,1460000000.0,59061000000.0,59340000000.0,58800000000.0,35791000000.0,33101000000.0,92887000000.0,59340000000.0,,,,,,,,,145751882.0,,1932089322.0,2077841204.0,32779000000.0,77748000000.0,62138000000.0,150497000000.0,62138000000.0,92019000000.0,,141983000000.0,103652000000.0,11633000000.0,92019000000.0,,17210000000.0,52941000000.0,,89918000000.0,89918000000.0,,146329000000.0,,64040000000.0,61451000000.0,13732000000.0,3649000000.0,44057000000.0,249981000000.0,,,377000000.0,313000000.0,64000000.0,,53819000000.0,52759000000.0,,29881000000.0,25943000000.0,3938000000.0,81138000000.0,-83569000000.0,164707000000.0,146790000000.0,,12158000000.0,5759000000.0,,,654000000.0,25699000000.0,25699000000.0,,,,,13000000.0,1060000000.0,,19270000000.0,,,4252000000.0,14076000000.0,49964000000.0,1654000000.0,13708000000.0,5194000000.0,8514000000.0,1047000000.0,0.0,28536000000.0,27171000000.0,1472000000.0,,,,3276000000.0,,-341000000.0,70332000000.0,386000000.0,75997000000.0,,,838000000.0,174325000000.0,,,75656000000.0,,13732000000.0,2287000000.0,2520000000.0,,,-233000000.0,,,,,,,,,,,,,,,,,,,,,,,,,,,,,,,,,28109000000.0,-522000000.0,-29225000000.0,24445000000.0,167000000.0,-24690000000.0,23611000000.0,21513000000.0,-628000000.0,2726000000.0,-25859000000.0,77000000.0,-11114000000.0,-11114000000.0,-355000000.0,-522000000.0,167000000.0,-4780000000.0,-4780000000.0,-29225000000.0,24445000000.0,-24214000000.0,-2886000000.0,-784000000.0,,-784000000.0,,,-24575000000.0,115000000.0,,52799000000.0,-8066000000.0,,,,3415000000.0,,6589000000.0,463000000.0,,,21934000000.0,5096000000.0,16838000000.0,,2481000000.0,-100000000.0,0.0,28773000000.0,,,,,,,2664000000.0,,,,,-24690000000.0,,-7805000000.0,,,,,,,7021000000.0,-3582000000.0,,,,,-24000000.0,,,,1367000000.0,,,,,,,,,,,,,,,0.9955129807755569,0.9654196876192481,0.3381580851875732,0.8449124637303166,4.555294699122698,1.3222448979591837,0.610187417475218,0.38626524860898526,0.10903453395258397,0.18037579195600908,0.06639704617550934,0.694751108596392,0.6791042856407882,0.18465186859098584,0.0030065607140927764,0.005483677740071524,0.005437522748090173,0.05281639197834387,0.11011523078997776,0.0783730128020872,-0.0066631874625617815,-0.005994735188510014,0.0008496129065927588,0.0047473153918247135,-0.0013133435374321906,0.006983606035383838,0.012088308069270193,0.007446933467408545,0.0,0.0,0.0,0.0,0.0,0.0,0.0,0.0,0.0,0.0,0.0,0.0,0.0,0.0,5
2022-06-30,WHL.JO,Retail,Woolworths,42032000.0,0.284,148000000.0,148000000.0,3502000000.0,4441000000.0,-1109000000.0,1170000000.0,61000000.0,3396032000.0,3715000000.0,974074180.0,958872392.0,3.814,3.874,3715000000.0,3715000000.0,0.0,3715000000.0,-2000000.0,3717000000.0,3504000000.0,1388000000.0,4892000000.0,9000000.0,148000000.0,-162000000.0,14000000.0,,0.0,,17546000000.0,17703000000.0,,,,,,,,,65362000000.0,65362000000.0,,6062000000.0,59683000000.0,,213000000.0,,-1109000000.0,1170000000.0,,1017000000.0,,61000000.0,10355000000.0,42137000000.0,10503000000.0,5838000000.0,5679000000.0,23225000000.0,42137000000.0,,,,,,,,,92306741.0,,945727743.0,1038034484.0,,31880000000.0,4324000000.0,16871000000.0,4324000000.0,11775000000.0,,16588000000.0,11800000000.0,25000000.0,11775000000.0,,1659000000.0,1796000000.0,,10830000000.0,10830000000.0,,44279000000.0,0.0,29033000000.0,6680000000.0,863000000.0,259000000.0,5558000000.0,56079000000.0,,,,,,,945000000.0,,0.0,7451000000.0,-5302000000.0,12753000000.0,28081000000.0,-17074000000.0,45155000000.0,168000000.0,13402000000.0,28086000000.0,3499000000.0,,,26000000.0,5374000000.0,5374000000.0,,,,,,945000000.0,,26784000000.0,,,3000000.0,24220000000.0,4813000000.0,485000000.0,2847000000.0,2564000000.0,283000000.0,3328000000.0,0.0,1703000000.0,5374000000.0,,359000000.0,56000000.0,,,,1727000000.0,29880000000.0,,14399000000.0,,520000000.0,1260000000.0,39953000000.0,,,16126000000.0,,,8709000000.0,8705000000.0,,314000000.0,,4000000.0,-7000000.0,1710000000.0,,,,,,,,,,,,,,,,,,,,,,,,,,,,,,4843000000.0,-923000000.0,-1437000000.0,0.0,0.0,-1860000000.0,5341000000.0,5484000000.0,110000000.0,-253000000.0,-5101000000.0,,,,-923000000.0,-923000000.0,0.0,-1437000000.0,-1437000000.0,-1437000000.0,0.0,-1855000000.0,1000000.0,0.0,0.0,,,,-1853000000.0,7000000.0,,6703000000.0,-1673000000.0,67000000.0,-1988000000.0,112000000.0,99000000.0,,1480000000.0,309000000.0,255000000.0,,4441000000.0,,4441000000.0,,-67000000.0,32000000.0,0.0,5190000000.0,,,,,,,,,,,,-1860000000.0,,,,,,,,,748000000.0,-290000000.0,-93000000.0,-1417000000.0,,,-359000000.0,,,,,,,,,,,,,,,,,,,1.119938884644767,0.515105215639975,0.3732203625251754,2.7074309978768576,5.181196581196581,3.035323240978768,0.35532878430892567,0.1606896973776812,0.056837306079985314,0.3154989384288747,0.06624583177303447,0.4655184387804709,0.21025721455457969,0.07409503993145865,0.0,0.0,0.0,0.0,0.0,0.0,0.0,0.0,0.0,0.0,0.0,0.0,0.0,0.0,-0.7070969018245433,-0.7070761120995365,0.7070845326226859,0.7071058325284276,0.7071060655559902,0.707105180049655,0.7070977289351094,0.7070915463939902,0.7070679890110463,0.7070958401425013,0.7068437087409859,0.7071029308979169,0.7070873903175258,0.7070918555842199,4
2023-06-30,WHL.JO,Retail,Woolworths,831000.0,0.277,3000000.0,3000000.0,3878000000.0,3676000000.0,-1303000000.0,1444000000.0,141000000.0,3875831000.0,5074000000.0,936188539.0,920885525.0,5.42,5.51,5074000000.0,5074000000.0,0.0,5074000000.0,-5000000.0,5079000000.0,3883000000.0,1489000000.0,5372000000.0,10000000.0,3000000.0,-3000000.0,0.0,,71000000.0,,20266000000.0,20463000000.0,,,,,,,,,72266000000.0,72266000000.0,,6816000000.0,65706000000.0,,1196000000.0,,-1303000000.0,1444000000.0,,1008000000.0,,141000000.0,10489000000.0,45440000000.0,10492000000.0,6644000000.0,6560000000.0,26826000000.0,45440000000.0,,,,,,,,,84261465.0,,904434484.0,988695949.0,2467000000.0,17046000000.0,3859000000.0,18035000000.0,3859000000.0,11991000000.0,,17041000000.0,12021000000.0,30000000.0,11991000000.0,651000000.0,1706000000.0,3176000000.0,,7749000000.0,7749000000.0,,27206000000.0,0.0,14317000000.0,4951000000.0,88000000.0,400000000.0,4463000000.0,39227000000.0,,,51000000.0,51000000.0,,,1047000000.0,,1750000000.0,8132000000.0,2499000000.0,5633000000.0,14564000000.0,-11544000000.0,26108000000.0,336000000.0,9542000000.0,14286000000.0,1944000000.0,261000000.0,,43000000.0,3577000000.0,3577000000.0,,,,,,1047000000.0,,11002000000.0,,,25000000.0,9267000000.0,5050000000.0,221000000.0,2729000000.0,1735000000.0,994000000.0,1040000000.0,0.0,1126000000.0,3607000000.0,30000000.0,350000000.0,50000000.0,,231000000.0,,300000000.0,14913000000.0,,12293000000.0,,496000000.0,1149000000.0,26634000000.0,,,12593000000.0,,,7072000000.0,7064000000.0,,253000000.0,,8000000.0,-5000000.0,1126000000.0,,,,,,,,,,,,,,,,,,,,,,,,,,,,,,2663000000.0,-3264000000.0,-2700000000.0,3400000000.0,-215000000.0,-2477000000.0,3296000000.0,5341000000.0,427000000.0,-2472000000.0,-5156000000.0,,,,-3264000000.0,-3264000000.0,-215000000.0,700000000.0,700000000.0,-2700000000.0,3400000000.0,-2456000000.0,,26000000.0,26000000.0,0.0,,,-2477000000.0,0.0,,5140000000.0,-1487000000.0,,-2058000000.0,0.0,-1052000000.0,,1733000000.0,296000000.0,118000000.0,,3676000000.0,386000000.0,3290000000.0,,-182000000.0,29000000.0,-371000000.0,6722000000.0,,,,,,,,,,,,-2477000000.0,,,,,,,,,1420000000.0,-80000000.0,59000000.0,-2869000000.0,,,-2392000000.0,,,,,,,,,,,,,,,,,,,1.024404132433092,0.4491173838770032,0.290978605710567,1.4215661746309731,4.7202216066482,1.6246664125047656,0.3712119115489995,0.14518584119779704,0.07021282484155758,0.42315069635560004,0.12934968261656513,0.4181241356869763,0.30153701748210726,0.03684997094069133,-0.09553475221167518,-0.06598783176297185,-0.08224175681460838,-1.2858648232458845,-0.46097497454838177,-1.4106568284740024,0.015883127240073847,-0.015503856179884173,0.013375518761572266,0.10765175792672532,0.06310385084353065,-0.04739430309349457,0.09127980292752758,-0.037245068990767315,-0.7071028852777175,-0.7071006024458112,-0.7070841380176242,-0.7071044907916091,0.7071059685635146,-0.7071055467646554,0.7070991283835226,0.7070877025987892,0.7070834340968972,0.7071017279707992,0.7070928727255599,0.7071003524861493,0.7070966865837165,0.7070619933339067,5
2024-06-30,WHL.JO,Retail,Woolworths,-282460000.0,0.29,-974000000.0,-974000000.0,2593000000.0,3225000000.0,-1558000000.0,1724000000.0,166000000.0,3284540000.0,2593000000.0,905946145.0,896496514.0,2.862,2.892,2593000000.0,2593000000.0,0.0,2593000000.0,-7000000.0,2600000000.0,2600000000.0,1059000000.0,3659000000.0,258000000.0,-974000000.0,,,609000000.0,365000000.0,,21743000000.0,22121000000.0,,,,,,,,,76533000000.0,76533000000.0,,5383000000.0,70807000000.0,,0.0,,-1558000000.0,1724000000.0,,1396000000.0,,166000000.0,9582000000.0,49064000000.0,8608000000.0,5984000000.0,5726000000.0,27469000000.0,49064000000.0,,,,,,,,,84261465.0,,904434484.0,988695949.0,5503000000.0,18116000000.0,2366000000.0,18676000000.0,2366000000.0,10864000000.0,,17178000000.0,10926000000.0,62000000.0,10864000000.0,502000000.0,1838000000.0,2905000000.0,,7749000000.0,7749000000.0,,27776000000.0,1000000.0,14969000000.0,5359000000.0,15000000.0,247000000.0,5097000000.0,38702000000.0,,,85000000.0,85000000.0,,,1163000000.0,,1701000000.0,8498000000.0,3164000000.0,5334000000.0,15111000000.0,-13268000000.0,28379000000.0,366000000.0,10658000000.0,15188000000.0,2167000000.0,340000000.0,,26000000.0,2309000000.0,2309000000.0,,,,,,1163000000.0,,10304000000.0,,,39000000.0,8655000000.0,6314000000.0,252000000.0,3147000000.0,1649000000.0,1498000000.0,952000000.0,0.0,1376000000.0,2309000000.0,36000000.0,333000000.0,8000000.0,,19000000.0,,-998000000.0,15594000000.0,,12182000000.0,,28000000.0,861000000.0,27518000000.0,,,11184000000.0,,,7441000000.0,7434000000.0,,32000000.0,,7000000.0,-5000000.0,1381000000.0,,,,,,,,,,,,,,,,,,,,,,,,,,,,,,78000000.0,-637000000.0,-3507000000.0,4342000000.0,,-3351000000.0,1117000000.0,3296000000.0,-20000000.0,-2159000000.0,-1656000000.0,,,,-637000000.0,-637000000.0,,835000000.0,835000000.0,-3507000000.0,4342000000.0,-3932000000.0,,-581000000.0,0.0,-581000000.0,,,-3351000000.0,0.0,,3429000000.0,-911000000.0,,-1737000000.0,91000000.0,-949000000.0,,1831000000.0,212000000.0,176000000.0,,3225000000.0,388000000.0,2837000000.0,,-166000000.0,12000000.0,0.0,3659000000.0,,,,,,,,0.0,0.0,,,-3351000000.0,,,,,,0.0,,0.0,-912000000.0,259000000.0,102000000.0,-2741000000.0,,,-296000000.0,,,,,,,,,,,,,,,,,,,0.9180758496141849,0.30725660811032673,0.18954194713511738,1.6675257731958764,3.1223897911832945,2.104553903345725,0.3589170684541309,0.1124743574667137,0.0338808095854076,0.23867820324005892,0.06699912149242933,0.2814808734197997,0.18928019430337822,0.0010191682019520991,-0.10632828281890705,-0.14186077576667644,-0.10143665857544962,0.24595959856490324,-1.5978318154649052,0.4798874908409594,-0.012294843094868613,-0.03271148373108333,-0.03633201525614998,-0.18447249311554112,-0.0623505611241358,-0.1366432622671766,-0.11225682317872904,-0.03583080273873923,-0.7071032976310262,-0.7071021297965463,-0.7070960168824573,-0.7070975874855985,-0.7070871657557768,-0.707102089917939,0.7070984211715865,0.7070584826170916,0.706963131934275,0.7070346239936504,0.7070188900906483,-0.7070874513528189,-0.7070958044859326,-0.7070672754441715,3
2025-06-30,WHL.JO,Retail,Woolworths,-269928000.0,0.184,-1467000000.0,-1467000000.0,2443000000.0,3485000000.0,-1615000000.0,1771000000.0,156000000.0,3640072000.0,2443000000.0,903006571.0,893654730.0,2.705,2.734,2443000000.0,2443000000.0,0.0,2443000000.0,-12000000.0,2455000000.0,2455000000.0,553000000.0,3008000000.0,146000000.0,-1467000000.0,,,968000000.0,499000000.0,,22375000000.0,22779000000.0,,,,,,,,,79537000000.0,79537000000.0,,4779000000.0,74633000000.0,,,,-1615000000.0,1771000000.0,,1434000000.0,,156000000.0,9731000000.0,52258000000.0,8264000000.0,5050000000.0,4904000000.0,27279000000.0,52258000000.0,,,,,,,,,96789785.0,,891906164.0,988695949.0,5563000000.0,19670000000.0,2798000000.0,20494000000.0,2798000000.0,10640000000.0,,19926000000.0,10711000000.0,71000000.0,10640000000.0,498000000.0,2192000000.0,3335000000.0,,7749000000.0,7749000000.0,,30136000000.0,4000000.0,17207000000.0,6011000000.0,662000000.0,388000000.0,4961000000.0,40847000000.0,,,97000000.0,97000000.0,,,1228000000.0,,0.0,7842000000.0,3029000000.0,4813000000.0,15527000000.0,-15701000000.0,31228000000.0,389000000.0,11751000000.0,16416000000.0,2672000000.0,231000000.0,,4000000.0,4291000000.0,4291000000.0,,,,,,1228000000.0,,9816000000.0,,,48000000.0,7921000000.0,9286000000.0,254000000.0,2463000000.0,1895000000.0,568000000.0,1408000000.0,0.0,1530000000.0,4291000000.0,41000000.0,346000000.0,0.0,,11000000.0,,2468000000.0,17859000000.0,,12277000000.0,,141000000.0,840000000.0,26102000000.0,,,14745000000.0,,,8887000000.0,8879000000.0,,33000000.0,,8000000.0,-14000000.0,1544000000.0,,,,,,,,,,,,,,,,,,,,,,,,,,,,,,-291000000.0,-531000000.0,-3308000000.0,5974000000.0,,-3133000000.0,3723000000.0,1117000000.0,-2000000.0,2608000000.0,336000000.0,-3000000.0,,,-531000000.0,-531000000.0,,2666000000.0,2666000000.0,-3308000000.0,5974000000.0,-570000000.0,,-4000000.0,,-4000000.0,,,-3128000000.0,5000000.0,,2842000000.0,-891000000.0,,-1740000000.0,190000000.0,-1267000000.0,,1741000000.0,174000000.0,170000000.0,,3485000000.0,468000000.0,3017000000.0,,-948000000.0,6000000.0,,3008000000.0,,,,,,,,2575000000.0,2575000000.0,,,-3133000000.0,,,,,,-13000000.0,,-13000000.0,606000000.0,-326000000.0,61000000.0,-2034000000.0,,,-1547000000.0,,,,,,,,,,,,,,,,,,,1.201026309358964,0.4771523987944938,0.3495153539138226,1.8486842105263157,2.6984754376058726,2.3802032913843174,0.34297245307215507,0.10390132894124747,0.03071526459383683,0.22960526315789473,0.05980855387176537,0.23148977763297224,0.14448398576512456,-0.0036586745791266956,0.28295045974477906,0.16989579068416705,0.15997340677870522,0.18115843733043935,-0.4239143535774219,0.2756493880385924,-0.015944615381975835,-0.008573028525466236,-0.0031655449915707727,-0.009072940082164194,-0.00719056762066396,-0.04999109578682748,-0.04479620853825367,-0.004677842781078795,0.7070358532981181,-0.7070829141998929,0.7070988583164557,-0.706575866381168,-0.7071033650497318,0.707098000750219,0.7070967644349095,0.7069489739525843,0.7056801836413741,-0.7070604956055679,-0.7059957406462307,-0.7070406256325847,-0.7070875856948476,-0.7070421502556751,4
